Date,ticker,stock_name,Open,High,Low,Close,Volume,Adj Close
2023-01-02,005930.KS,삼성전자,61900,62380,60280,61270,14412688,61270
2023-01-03,005930.KS,삼성전자,61160,61570,60350,61420,16178266,61420
2023-01-04,005930.KS,삼성전자,61440,62660,60350,61820,12906972,61820
2023-01-05,005930.KS,삼성전자,61780,63000,61390,62420,15458440,62420
2023-01-06,005930.KS,삼성전자,62480,64160,62210,63810,17013673,63810
2023-01-09,005930.KS,삼성전자,63590,64650,63120,63660,17804665,63660
2023-01-10,005930.KS,삼성전자,63240,64620,62450,63530,13894304,63530
2023-01-11,005930.KS,삼성전자,62940,65470,62320,64820,16836730,64820
2023-01-12,005930.KS,삼성전자,64910,65620,63490,64340,10035942,64340
2023-01-13,005930.KS,삼성전자,64230,65840,63890,64880,13922133,64880
2023-01-16,005930.KS,삼성전자,64470,65280,62630,63360,14660812,63360
2023-01-17,005930.KS,삼성전자,63330,64060,63180,63680,17117674,63680
2023-01-18,005930.KS,삼성전자,63710,64610,63230,64420,14345949,64420
2023-01-19,005930.KS,삼성전자,64820,65570,62830,63640,23474877,63640
2023-01-20,005930.KS,삼성전자,64170,65740,63840,64850,15932328,64850
2023-01-23,005930.KS,삼성전자,64450,68090,63670,67530,17861046,67530
2023-01-24,005930.KS,삼성전자,67620,68200,67230,67890,20348358,67890
2023-01-25,005930.KS,삼성전자,67760,69050,67590,68090,14233797,68090
2023-01-26,005930.KS,삼성전자,68480,70040,68160,69740,14414933,69740
2023-01-27,005930.KS,삼성전자,69550,70570,68620,69430,16812786,69430
2023-01-30,005930.KS,삼성전자,69360,71260,68870,70690,11573323,70690
2023-01-31,005930.KS,삼성전자,70400,73390,69570,72540,14961169,72540
2023-02-01,005930.KS,삼성전자,72920,75190,72380,74340,19949902,74340
2023-02-02,005930.KS,삼성전자,74610,75380,71630,72570,18508685,72570
2023-02-03,005930.KS,삼성전자,72440,74380,71600,73180,8058218,73180
2023-02-06,005930.KS,삼성전자,73150,74800,72500,73790,12011090,73790
2023-02-07,005930.KS,삼성전자,73910,75160,73010,73840,16907686,73840
2023-02-08,005930.KS,삼성전자,73890,74100,73690,73980,16852848,73980
2023-02-09,005930.KS,삼성전자,74150,74240,71920,73140,20620583,73140
2023-02-10,005930.KS,삼성전자,73560,74770,72790,74460,15460412,74460
2023-02-13,005930.KS,삼성전자,73800,73930,72970,73260,10545960,73260
2023-02-14,005930.KS,삼성전자,73210,75130,72210,74250,13134296,74250
2023-02-15,005930.KS,삼성전자,74740,75190,72080,72670,13655790,72670
2023-02-16,005930.KS,삼성전자,72450,73140,71170,72660,12911957,72660
2023-02-17,005930.KS,삼성전자,72130,76160,71440,74820,14064987,74820
2023-02-20,005930.KS,삼성전자,74880,75680,73580,75500,13207373,75500
2023-02-21,005930.KS,삼성전자,75030,76510,74340,75840,13156789,75840
2023-02-22,005930.KS,삼성전자,75140,76990,74500,75950,10048528,75950
2023-02-23,005930.KS,삼성전자,76590,77750,75820,77200,13186740,77200
2023-02-24,005930.KS,삼성전자,77450,78310,76740,78070,15591457,78070
2023-02-27,005930.KS,삼성전자,78320,79450,77150,78050,12994430,78050
2023-02-28,005930.KS,삼성전자,77970,79120,76410,77370,15092653,77370
2023-03-01,005930.KS,삼성전자,76980,79500,76120,78790,18251634,78790
2023-03-02,005930.KS,삼성전자,79200,79350,77490,78450,11688193,78450
2023-03-03,005930.KS,삼성전자,77850,78020,75740,76100,17787966,76100
2023-03-06,005930.KS,삼성전자,76490,77210,74330,75190,18069268,75190
2023-03-07,005930.KS,삼성전자,75320,75710,73290,73670,14743744,73670
2023-03-08,005930.KS,삼성전자,74150,75030,73150,74510,12549762,74510
2023-03-09,005930.KS,삼성전자,74400,78330,73640,78110,24412084,78110
2023-03-10,005930.KS,삼성전자,77840,77940,76630,77450,11893755,77450
2023-03-13,005930.KS,삼성전자,77220,79700,75880,78730,18508894,78730
2023-03-14,005930.KS,삼성전자,79130,80920,78790,80010,17311848,80010
2023-03-15,005930.KS,삼성전자,80150,80950,77700,78910,12273367,78910
2023-03-16,005930.KS,삼성전자,79400,80200,77570,78350,15279683,78350
2023-03-17,005930.KS,삼성전자,77870,79260,76470,78590,15143045,78590
2023-03-20,005930.KS,삼성전자,78140,80390,77700,79890,20039949,79890
2023-03-21,005930.KS,삼성전자,79680,81210,79330,80120,17031280,80120
2023-03-22,005930.KS,삼성전자,79590,81130,78680,80230,13074344,80230
2023-03-23,005930.KS,삼성전자,80550,82020,80000,81800,17511235,81800
2023-03-24,005930.KS,삼성전자,81360,84080,80440,83140,11374847,83140
2023-03-27,005930.KS,삼성전자,83470,84510,82540,83770,12908546,83770
2023-03-28,005930.KS,삼성전자,84810,85690,83600,84990,17881937,84990
2023-03-29,005930.KS,삼성전자,84450,87570,83650,86150,12877856,86150
2023-03-30,005930.KS,삼성전자,85950,86980,84750,86170,15658526,86170
2023-03-31,005930.KS,삼성전자,86120,90290,85310,88760,14883377,88760
2023-04-03,005930.KS,삼성전자,89240,90490,87870,88540,13879785,88540
2023-04-04,005930.KS,삼성전자,88000,88510,87550,88240,16371356,88240
2023-04-05,005930.KS,삼성전자,88380,88850,86940,87340,12836430,87340
2023-04-06,005930.KS,삼성전자,87190,88590,85320,85820,21279746,85820
2023-04-07,005930.KS,삼성전자,85630,86350,82010,82210,18072074,82210
2023-04-10,005930.KS,삼성전자,83090,83740,81160,82380,22015041,82380
2023-04-11,005930.KS,삼성전자,82900,83810,82360,83610,21056699,83610
2023-04-12,005930.KS,삼성전자,84070,84820,82500,82730,16115104,82730
2023-04-13,005930.KS,삼성전자,82190,83360,79730,80310,19809941,80310
2023-04-14,005930.KS,삼성전자,80110,82250,79930,81390,19859116,81390
2023-04-17,005930.KS,삼성전자,80750,82550,79450,81860,13455626,81860
2023-04-18,005930.KS,삼성전자,81890,82700,80240,81000,10099030,81000
2023-04-19,005930.KS,삼성전자,81840,82020,78970,80280,16954770,80280
2023-04-20,005930.KS,삼성전자,80370,81390,76880,78050,21649288,78050
2023-04-21,005930.KS,삼성전자,78320,79120,77180,77540,16117686,77540
2023-04-24,005930.KS,삼성전자,78170,79180,77010,77750,12052623,77750
2023-04-25,005930.KS,삼성전자,77380,79420,76860,78160,15462698,78160
2023-04-26,005930.KS,삼성전자,78680,79980,76200,77530,13705552,77530
2023-04-27,005930.KS,삼성전자,77160,77670,76620,77440,9879362,77440
2023-04-28,005930.KS,삼성전자,77530,77870,75250,75950,18681503,75950
2023-05-01,005930.KS,삼성전자,75420,75530,73450,74710,15113071,74710
2023-05-02,005930.KS,삼성전자,74860,75740,74700,75110,16771849,75110
2023-05-03,005930.KS,삼성전자,74780,75910,74040,74690,13434001,74690
2023-05-04,005930.KS,삼성전자,74530,74710,72910,73390,13115585,73390
2023-05-05,005930.KS,삼성전자,73870,74550,71420,72670,13834446,72670
2023-05-08,005930.KS,삼성전자,73820,74320,71730,72240,16786405,72240
2023-05-09,005930.KS,삼성전자,72360,72770,70490,71220,18071348,71220
2023-05-10,005930.KS,삼성전자,70870,71360,69770,70090,14678431,70090
2023-05-11,005930.KS,삼성전자,70130,71320,67930,69180,12480669,69180
2023-05-12,005930.KS,삼성전자,69390,69670,67520,68210,15821908,68210
2023-05-15,005930.KS,삼성전자,68130,68830,67090,67700,12143516,67700
2023-05-16,005930.KS,삼성전자,67260,67400,66170,66920,18187034,66920
2023-05-17,005930.KS,삼성전자,66660,67300,66320,66910,13336628,66910
2023-05-18,005930.KS,삼성전자,67260,68380,63100,64090,19560354,64090
2023-05-19,005930.KS,삼성전자,64280,64900,62940,63970,6277026,63970
2023-05-22,005930.KS,삼성전자,64000,64160,61910,63030,19068846,63030
2023-05-23,005930.KS,삼성전자,63000,63900,62390,63080,10826958,63080
2023-05-24,005930.KS,삼성전자,62910,63030,62720,62850,14392578,62850
2023-05-25,005930.KS,삼성전자,62790,65270,61860,64440,17357588,64440
2023-05-26,005930.KS,삼성전자,64570,64900,61630,62330,19008230,62330
2023-05-29,005930.KS,삼성전자,61870,62980,61370,62260,12378518,62260
2023-05-30,005930.KS,삼성전자,62210,64750,61960,63770,14579610,63770
2023-05-31,005930.KS,삼성전자,63620,64130,61910,62830,15541079,62830
2023-06-01,005930.KS,삼성전자,62670,64020,61870,63830,15910057,63830
2023-06-02,005930.KS,삼성전자,63080,63270,60720,61680,17663866,61680
2023-06-05,005930.KS,삼성전자,61760,61860,60800,61510,17217098,61510
2023-06-06,005930.KS,삼성전자,61670,62250,59090,60100,21312948,60100
2023-06-07,005930.KS,삼성전자,59230,60520,58540,59560,17218107,59560
2023-06-08,005930.KS,삼성전자,58980,59640,58470,59170,14611566,59170
2023-06-09,005930.KS,삼성전자,59290,59740,57480,58490,18810561,58490
2023-06-12,005930.KS,삼성전자,58180,58640,57490,57970,13896465,57970
2023-06-13,005930.KS,삼성전자,57810,58840,56560,56970,17942825,56970
2023-06-14,005930.KS,삼성전자,56960,58250,56720,57410,17459884,57410
2023-06-15,005930.KS,삼성전자,57540,58680,57380,57750,15636329,57750
2023-06-16,005930.KS,삼성전자,57440,57520,56170,56670,15109224,56670
2023-06-19,005930.KS,삼성전자,56560,57430,56050,56530,16367101,56530
2023-06-20,005930.KS,삼성전자,56450,56820,55940,56110,14458044,56110
2023-06-21,005930.KS,삼성전자,56430,56980,54860,55320,19205711,55320
2023-06-22,005930.KS,삼성전자,55220,56190,54320,55250,16874628,55250
2023-06-23,005930.KS,삼성전자,55140,56170,54180,55340,13578939,55340
2023-06-26,005930.KS,삼성전자,55280,55450,54320,54870,15586054,54870
2023-06-27,005930.KS,삼성전자,54460,55450,53780,55220,19382371,55220
2023-06-28,005930.KS,삼성전자,55240,55730,53270,53830,13709112,53830
2023-06-29,005930.KS,삼성전자,53320,53960,52620,53420,11262712,53420
2023-06-30,005930.KS,삼성전자,53100,53880,51750,52330,13879454,52330
2023-07-03,005930.KS,삼성전자,51940,52660,51760,52060,15456073,52060
2023-07-04,005930.KS,삼성전자,52080,53080,51840,52550,13549632,52550
2023-07-05,005930.KS,삼성전자,52580,53010,51350,51490,17567906,51490
2023-07-06,005930.KS,삼성전자,51430,52000,51170,51410,14024173,51410
2023-07-07,005930.KS,삼성전자,51790,52640,49570,50280,16443832,50280
2023-07-10,005930.KS,삼성전자,50270,50530,49260,49510,13961519,49510
2023-07-11,005930.KS,삼성전자,49420,50320,49150,49660,16190848,49660
2023-07-12,005930.KS,삼성전자,49210,49950,48970,49350,16336876,49350
2023-07-13,005930.KS,삼성전자,49640,49940,48920,49240,16175637,49240
2023-07-14,005930.KS,삼성전자,49070,49180,47840,48610,18707051,48610
2023-07-17,005930.KS,삼성전자,48070,48890,47890,48550,10330324,48550
2023-07-18,005930.KS,삼성전자,48680,49500,47430,47690,19625787,47690
2023-07-19,005930.KS,삼성전자,47760,48450,46310,46970,17507951,46970
2023-07-20,005930.KS,삼성전자,46980,47620,46250,46640,15990549,46640
2023-07-21,005930.KS,삼성전자,46680,47320,45660,46390,16536740,46390
2023-07-24,005930.KS,삼성전자,46390,49050,46110,48320,20750900,48320
2023-07-25,005930.KS,삼성전자,48420,48530,48050,48370,10847650,48370
2023-07-26,005930.KS,삼성전자,48430,49250,47970,48890,18151350,48890
2023-07-27,005930.KS,삼성전자,49290,49790,49010,49210,17829593,49210
2023-07-28,005930.KS,삼성전자,48940,50380,48350,49620,16347368,49620
2023-07-31,005930.KS,삼성전자,50020,50500,48740,49080,19486858,49080
2023-08-01,005930.KS,삼성전자,49410,49940,47840,48000,15307247,48000
2023-08-02,005930.KS,삼성전자,48020,48470,47010,47590,13761624,47590
2023-08-03,005930.KS,삼성전자,47570,48230,46910,47150,13221952,47150
2023-08-04,005930.KS,삼성전자,47180,47650,46550,46670,14374212,46670
2023-08-07,005930.KS,삼성전자,46770,47120,46440,46510,13001206,46510
2023-08-08,005930.KS,삼성전자,46800,47500,45180,45850,14918078,45850
2023-08-09,005930.KS,삼성전자,46110,46700,45620,45800,11888929,45800
2023-08-10,005930.KS,삼성전자,45710,47370,44980,46680,18734565,46680
2023-08-11,005930.KS,삼성전자,46640,47900,46010,47260,16333702,47260
2023-08-14,005930.KS,삼성전자,46850,46980,46020,46500,24413994,46500
2023-08-15,005930.KS,삼성전자,46680,47450,46500,47230,18611081,47230
2023-08-16,005930.KS,삼성전자,47310,48240,47120,47610,10928294,47610
2023-08-17,005930.KS,삼성전자,47500,48360,47180,47840,16892362,47840
2023-08-18,005930.KS,삼성전자,48060,48770,47200,48580,19939838,48580
2023-08-21,005930.KS,삼성전자,48590,48990,47980,48580,10827092,48580
2023-08-22,005930.KS,삼성전자,48200,49080,47820,48390,17393332,48390
2023-08-23,005930.KS,삼성전자,48480,48960,47580,47690,13424373,47690
2023-08-24,005930.KS,삼성전자,48150,48880,47640,48050,11329582,48050
2023-08-25,005930.KS,삼성전자,47980,49560,47560,49150,9712436,49150
2023-08-28,005930.KS,삼성전자,49370,49840,48710,48790,14682268,48790
2023-08-29,005930.KS,삼성전자,49010,50110,48170,49280,15053883,49280
2023-08-30,005930.KS,삼성전자,48910,50160,48680,49670,16408207,49670
2023-08-31,005930.KS,삼성전자,49650,50360,48710,49440,12982380,49440
2023-09-01,005930.KS,삼성전자,49560,51550,48740,50750,19828538,50750
2023-09-04,005930.KS,삼성전자,50880,51760,50670,50910,13494022,50910
2023-09-05,005930.KS,삼성전자,50420,51020,50160,50470,14760941,50470
2023-09-06,005930.KS,삼성전자,50740,52050,50500,51360,25027180,51360
2023-09-07,005930.KS,삼성전자,51290,51880,50800,51260,15151720,51260
2023-09-08,005930.KS,삼성전자,51890,52430,51250,51450,13913258,51450
2023-09-11,005930.KS,삼성전자,51520,52270,50840,51570,16848697,51570
2023-09-12,005930.KS,삼성전자,51550,52250,50890,51560,6581105,51560
2023-09-13,005930.KS,삼성전자,51130,51380,50540,51250,8484132,51250
2023-09-14,005930.KS,삼성전자,51450,52230,50520,51400,11811072,51400
2023-09-15,005930.KS,삼성전자,51570,51960,50860,51090,18980148,51090
2023-09-18,005930.KS,삼성전자,50750,51830,50210,51590,14531441,51590
2023-09-19,005930.KS,삼성전자,51790,52500,50770,51670,16011643,51670
2023-09-20,005930.KS,삼성전자,51890,54080,51410,53220,20210174,53220
2023-09-21,005930.KS,삼성전자,52740,53500,51650,52470,15799051,52470
2023-09-22,005930.KS,삼성전자,52480,52650,51650,52420,14907527,52420
2023-09-25,005930.KS,삼성전자,52630,53360,50810,51470,16491020,51470
2023-09-26,005930.KS,삼성전자,51490,53350,50740,52840,20505591,52840
2023-09-27,005930.KS,삼성전자,52810,55020,52170,54840,13992957,54840
2023-09-28,005930.KS,삼성전자,54840,55710,53590,54290,13294896,54290
2023-09-29,005930.KS,삼성전자,54190,56020,54030,55560,17028985,55560
2023-10-02,005930.KS,삼성전자,55460,56090,55030,55260,15668644,55260
2023-10-03,005930.KS,삼성전자,55680,55750,53190,53980,19317809,53980
2023-10-04,005930.KS,삼성전자,54010,54670,53930,54210,19842653,54210
2023-10-05,005930.KS,삼성전자,54070,54550,53130,53910,16828814,53910
2023-10-06,005930.KS,삼성전자,53610,54700,53540,54550,11576685,54550
2023-10-09,005930.KS,삼성전자,54750,55480,54200,54260,12708403,54260
2023-10-10,005930.KS,삼성전자,54410,57390,54030,56640,24422358,56640
2023-10-11,005930.KS,삼성전자,56220,57550,55610,56990,17661959,56990
2023-10-12,005930.KS,삼성전자,56970,57810,56140,56880,16428569,56880
2023-10-13,005930.KS,삼성전자,57360,58680,56440,58140,11917354,58140
2023-10-16,005930.KS,삼성전자,58110,59370,57170,58710,14886373,58710
2023-10-17,005930.KS,삼성전자,58820,59330,57460,57710,14535054,57710
2023-10-18,005930.KS,삼성전자,57450,58020,57080,57560,14069374,57560
2023-10-19,005930.KS,삼성전자,57250,58290,56850,58220,17427991,58220
2023-10-20,005930.KS,삼성전자,59040,59460,58000,59020,17923207,59020
2023-10-23,005930.KS,삼성전자,59300,60510,58550,59850,11583712,59850
2023-10-24,005930.KS,삼성전자,59400,59480,58400,59190,14114176,59190
2023-10-25,005930.KS,삼성전자,59380,60530,58650,60130,18411548,60130
2023-10-26,005930.KS,삼성전자,60420,61970,59910,61110,18896169,61110
2023-10-27,005930.KS,삼성전자,61150,61700,59980,60200,17254015,60200
2023-10-30,005930.KS,삼성전자,60150,60530,58640,59430,19750737,59430
2023-10-31,005930.KS,삼성전자,59350,61160,59010,60630,22710112,60630
2023-11-01,005930.KS,삼성전자,60820,62590,60020,61810,16219541,61810
2023-11-02,005930.KS,삼성전자,62480,63000,60350,60730,14870724,60730
2023-11-03,005930.KS,삼성전자,61400,61610,59940,60470,11592707,60470
2023-11-06,005930.KS,삼성전자,60330,61390,57650,58470,17353478,58470
2023-11-07,005930.KS,삼성전자,58600,59190,57630,58300,12952851,58300
2023-11-08,005930.KS,삼성전자,58060,58870,57930,58570,13402620,58570
2023-11-09,005930.KS,삼성전자,58430,59420,57520,58240,14088840,58240
2023-11-10,005930.KS,삼성전자,57420,57670,55750,56720,20968771,56720
2023-11-13,005930.KS,삼성전자,56780,57740,56700,57150,13063302,57150
2023-11-14,005930.KS,삼성전자,57240,58270,56630,58080,14080529,58080
2023-11-15,005930.KS,삼성전자,58780,59400,57000,57800,8937048,57800
2023-11-16,005930.KS,삼성전자,57670,57830,56220,56790,12403401,56790
2023-11-17,005930.KS,삼성전자,56720,59070,56330,58220,16235554,58220
2023-11-20,005930.KS,삼성전자,59200,59510,58030,58580,18376647,58580
2023-11-21,005930.KS,삼성전자,58490,60010,57730,59460,17241188,59460
2023-11-22,005930.KS,삼성전자,59420,60420,59140,60340,19256440,60340
2023-11-23,005930.KS,삼성전자,60700,60890,58230,59200,13022892,59200
2023-11-24,005930.KS,삼성전자,59230,59920,59050,59390,12610046,59390
2023-11-27,005930.KS,삼성전자,59340,60270,56640,57320,15632362,57320
2023-11-28,005930.KS,삼성전자,56990,57780,55990,56560,18465464,56560
2023-11-29,005930.KS,삼성전자,56930,57790,55870,56040,11953267,56040
2023-11-30,005930.KS,삼성전자,56010,57160,55100,56520,11956618,56520
2023-12-01,005930.KS,삼성전자,56040,58800,55100,57970,16795188,57970
2023-12-04,005930.KS,삼성전자,57970,58100,56810,57390,13277591,57390
2023-12-05,005930.KS,삼성전자,57200,57480,55780,56470,20329457,56470
2023-12-06,005930.KS,삼성전자,56100,57380,55910,56540,15141061,56540
2023-12-07,005930.KS,삼성전자,55990,57670,55500,56680,17689076,56680
2023-12-08,005930.KS,삼성전자,57300,58200,55830,56330,11425879,56330
2023-12-11,005930.KS,삼성전자,55930,56020,55110,55470,19511485,55470
2023-12-12,005930.KS,삼성전자,55910,56500,55050,55920,13219049,55920
2023-12-13,005930.KS,삼성전자,56500,57500,54790,55140,11850881,55140
2023-12-14,005930.KS,삼성전자,55140,55840,53750,53990,20431191,53990
2023-12-15,005930.KS,삼성전자,54030,54500,53560,53880,11852740,53880
2023-12-18,005930.KS,삼성전자,53960,54900,53350,54000,18030923,54000
2023-12-19,005930.KS,삼성전자,53880,54800,53310,54550,19542094,54550
2023-12-20,005930.KS,삼성전자,53810,55540,53070,54600,17831305,54600
2023-12-21,005930.KS,삼성전자,54480,55350,51820,52440,14097893,52440
2023-12-22,005930.KS,삼성전자,52470,53160,51680,52720,17224133,52720
2023-12-25,005930.KS,삼성전자,52600,53290,51690,52790,15688575,52790
2023-12-26,005930.KS,삼성전자,52540,52920,51460,52110,13268426,52110
2023-12-27,005930.KS,삼성전자,52040,52860,51460,52010,13586160,52010
2023-12-28,005930.KS,삼성전자,51970,52880,51110,52260,9464902,52260
2023-12-29,005930.KS,삼성전자,52830,52930,50930,51140,14206468,51140
2024-01-01,005930.KS,삼성전자,51180,54250,50690,53760,20442611,53760
2024-01-02,005930.KS,삼성전자,54000,54440,52310,52690,15235746,52690
2024-01-03,005930.KS,삼성전자,52810,54020,52230,53200,15432569,53200
2024-01-04,005930.KS,삼성전자,53070,53780,51370,52140,23106502,52140
2024-01-05,005930.KS,삼성전자,51450,55290,50850,54550,19510836,54550
2024-01-08,005930.KS,삼성전자,54470,55220,53920,54390,15680288,54390
2024-01-09,005930.KS,삼성전자,54690,54810,53750,53860,20361164,53860
2024-01-10,005930.KS,삼성전자,54130,54380,51660,52290,22160258,52290
2024-01-11,005930.KS,삼성전자,52150,52510,51600,52200,19045010,52200
2024-01-12,005930.KS,삼성전자,52290,52790,51300,52180,16715226,52180
2024-01-15,005930.KS,삼성전자,52180,53250,51400,52890,14632914,52890
2024-01-16,005930.KS,삼성전자,53230,53790,51790,52320,17300381,52320
2024-01-17,005930.KS,삼성전자,52430,52990,51690,51910,12702241,51910
2024-01-18,005930.KS,삼성전자,52130,52860,51720,52790,15678365,52790
2024-01-19,005930.KS,삼성전자,52280,53210,51390,52810,16096929,52810
2024-01-22,005930.KS,삼성전자,52510,53390,51370,52210,16855131,52210
2024-01-23,005930.KS,삼성전자,52380,53630,51500,53410,17264255,53410
2024-01-24,005930.KS,삼성전자,53170,53750,52370,53120,12286468,53120
2024-01-25,005930.KS,삼성전자,53140,53980,52440,53360,16986328,53360
2024-01-26,005930.KS,삼성전자,52970,54210,52470,53310,12210742,53310
2024-01-29,005930.KS,삼성전자,53320,53880,52410,52720,16159818,52720
2024-01-30,005930.KS,삼성전자,53150,53260,52140,52350,14650178,52350
2024-01-31,005930.KS,삼성전자,52430,52640,52160,52300,9867187,52300
2024-02-01,005930.KS,삼성전자,52430,54140,51980,53520,12682374,53520
2024-02-02,005930.KS,삼성전자,53520,54280,52320,53020,19035969,53020
2024-02-05,005930.KS,삼성전자,53050,54480,52320,54360,19708796,54360
2024-02-06,005930.KS,삼성전자,54080,54800,53430,54340,16639093,54340
2024-02-07,005930.KS,삼성전자,54480,55860,54000,54950,13019047,54950
2024-02-08,005930.KS,삼성전자,54560,56000,54180,55410,15331007,55410
2024-02-09,005930.KS,삼성전자,55330,56020,52550,53320,21331263,53320
2024-02-12,005930.KS,삼성전자,53810,54500,52350,53200,9921819,53200
2024-02-13,005930.KS,삼성전자,52900,53520,51060,51490,22637309,51490
2024-02-14,005930.KS,삼성전자,51740,52580,50620,51480,13555013,51480
2024-02-15,005930.KS,삼성전자,50970,51340,50440,51290,8312640,51290
2024-02-16,005930.KS,삼성전자,51670,52390,51520,52110,13771972,52110
2024-02-19,005930.KS,삼성전자,52110,52860,51690,52110,14182407,52110
2024-02-20,005930.KS,삼성전자,52290,52800,51370,51600,16383535,51600
2024-02-21,005930.KS,삼성전자,52180,52380,50840,51530,12286355,51530
2024-02-22,005930.KS,삼성전자,51270,51910,50420,51030,17485265,51030
2024-02-23,005930.KS,삼성전자,51400,52190,50780,51590,11896921,51590
2024-02-26,005930.KS,삼성전자,51820,52030,50650,50840,20869821,50840
2024-02-27,005930.KS,삼성전자,51000,52040,50770,51290,18130611,51290
2024-02-28,005930.KS,삼성전자,51940,53790,51060,52970,13174541,52970
2024-02-29,005930.KS,삼성전자,52500,53210,51700,52210,11179024,52210
2024-03-01,005930.KS,삼성전자,51630,52880,51230,52410,12240258,52410
2024-03-04,005930.KS,삼성전자,52340,53270,51710,53030,15446742,53030
2024-03-05,005930.KS,삼성전자,53030,54110,52460,53220,14423558,53220
2024-03-06,005930.KS,삼성전자,52850,52970,52640,52750,18953980,52750
2024-03-07,005930.KS,삼성전자,52510,53040,51580,52750,17345916,52750
2024-03-08,005930.KS,삼성전자,53030,53390,52180,52970,16746749,52970
2024-03-11,005930.KS,삼성전자,53090,54090,52840,53450,13967246,53450
2024-03-12,005930.KS,삼성전자,53560,54200,51780,52210,15846044,52210
2024-03-13,005930.KS,삼성전자,51800,52490,50860,51790,14602402,51790
2024-03-14,005930.KS,삼성전자,51800,53200,51250,52290,14767749,52290
2024-03-15,005930.KS,삼성전자,52250,52830,51760,52410,16545146,52410
2024-03-18,005930.KS,삼성전자,52240,52460,50850,51540,19245607,51540
2024-03-19,005930.KS,삼성전자,51490,52410,51000,52070,16077475,52070
2024-03-20,005930.KS,삼성전자,52320,54350,52240,53520,21060901,53520
2024-03-21,005930.KS,삼성전자,53590,55530,53400,54790,17955522,54790
2024-03-22,005930.KS,삼성전자,54920,55290,54130,54440,9195341,54440
2024-03-25,005930.KS,삼성전자,54820,55560,54600,55150,15352479,55150
2024-03-26,005930.KS,삼성전자,55350,55980,54050,54900,15033876,54900
2024-03-27,005930.KS,삼성전자,54830,56200,54670,55480,13990692,55480
2024-03-28,005930.KS,삼성전자,55600,56630,54900,55960,12415712,55960
2024-03-29,005930.KS,삼성전자,56230,56390,54760,55030,19778472,55030
2024-04-01,005930.KS,삼성전자,54990,56370,54680,55470,13955353,55470
2024-04-02,005930.KS,삼성전자,55420,57560,55250,57120,22318127,57120
2024-04-03,005930.KS,삼성전자,57430,58520,56490,58240,22507118,58240
2024-04-04,005930.KS,삼성전자,58280,59050,57830,58630,13421734,58630
2024-04-05,005930.KS,삼성전자,58590,59850,57690,59360,11963825,59360
2024-04-08,005930.KS,삼성전자,59310,60030,58980,59920,16067493,59920
2024-04-09,005930.KS,삼성전자,60340,60510,57850,58810,19650788,58810
2024-04-10,005930.KS,삼성전자,59310,60360,57100,57830,13707658,57830
2024-04-11,005930.KS,삼성전자,57950,58380,57710,58100,15755626,58100
2024-04-12,005930.KS,삼성전자,58270,58900,57290,58060,19318814,58060
2024-04-15,005930.KS,삼성전자,57970,59550,57250,58820,15108587,58820
2024-04-16,005930.KS,삼성전자,58220,59120,57270,58660,18860619,58660
2024-04-17,005930.KS,삼성전자,58210,59960,57820,59440,16072928,59440
2024-04-18,005930.KS,삼성전자,58960,60720,58060,60630,18171040,60630
2024-04-19,005930.KS,삼성전자,60610,60830,59120,59920,17683566,59920
2024-04-22,005930.KS,삼성전자,60210,60910,60120,60500,15384429,60500
2024-04-23,005930.KS,삼성전자,60970,61270,59440,60230,18316232,60230
2024-04-24,005930.KS,삼성전자,60230,60940,60100,60760,8233924,60760
2024-04-25,005930.KS,삼성전자,60060,62220,59640,61220,9212974,61220
2024-04-26,005930.KS,삼성전자,61510,61930,58820,59670,22338708,59670
2024-04-29,005930.KS,삼성전자,59670,60530,58960,60050,13014649,60050
2024-04-30,005930.KS,삼성전자,59950,61140,59110,60220,10563177,60220
2024-05-01,005930.KS,삼성전자,60660,61440,60310,60930,15323282,60930
2024-05-02,005930.KS,삼성전자,60850,61610,59280,60080,12396044,60080
2024-05-03,005930.KS,삼성전자,59850,61310,59730,60690,12575573,60690
2024-05-06,005930.KS,삼성전자,60710,61580,59990,60650,13475619,60650
2024-05-07,005930.KS,삼성전자,60100,61570,59960,61310,17901574,61310
2024-05-08,005930.KS,삼성전자,61300,62370,59430,59720,16105640,59720
2024-05-09,005930.KS,삼성전자,59360,60850,58610,60010,11370836,60010
2024-05-10,005930.KS,삼성전자,60330,61100,59050,59530,13719770,59530
2024-05-13,005930.KS,삼성전자,59950,61240,59010,60230,15628376,60230
2024-05-14,005930.KS,삼성전자,60620,61510,60330,60910,14916987,60910
2024-05-15,005930.KS,삼성전자,60610,61350,59780,61230,14603505,61230
2024-05-16,005930.KS,삼성전자,61000,62450,59940,61460,12008621,61460
2024-05-17,005930.KS,삼성전자,61620,61970,59030,59740,16334675,59740
2024-05-20,005930.KS,삼성전자,59680,60580,59470,60240,11640933,60240
2024-05-21,005930.KS,삼성전자,60220,61830,59400,61600,15986563,61600
2024-05-22,005930.KS,삼성전자,61760,62890,61480,62580,16942712,62580
2024-05-23,005930.KS,삼성전자,62530,63580,61620,63260,12896601,63260
2024-05-24,005930.KS,삼성전자,63480,65170,63180,64160,18067364,64160
2024-05-27,005930.KS,삼성전자,64500,64560,61990,63120,18757008,63120
2024-05-28,005930.KS,삼성전자,62810,62890,61640,62620,12940890,62620
2024-05-29,005930.KS,삼성전자,62490,62560,60750,61120,16480907,61120
2024-05-30,005930.KS,삼성전자,60970,62810,60290,62130,18199659,62130
2024-05-31,005930.KS,삼성전자,61740,62490,60210,60370,17448111,60370
2024-06-03,005930.KS,삼성전자,59700,60090,59070,59690,11031941,59690
2024-06-04,005930.KS,삼성전자,59200,59720,58300,59220,16416594,59220
2024-06-05,005930.KS,삼성전자,58510,59700,57790,59490,8952239,59490
2024-06-06,005930.KS,삼성전자,59470,59770,57310,58140,16362959,58140
2024-06-07,005930.KS,삼성전자,57990,60190,57710,59320,17450661,59320
2024-06-10,005930.KS,삼성전자,59430,60300,57870,58630,18626309,58630
2024-06-11,005930.KS,삼성전자,58140,59550,57320,59110,15614874,59110
2024-06-12,005930.KS,삼성전자,59170,60990,59050,60550,15817968,60550
2024-06-13,005930.KS,삼성전자,60230,62220,59490,61570,20796130,61570
2024-06-14,005930.KS,삼성전자,61340,61490,59530,60340,17458185,60340
2024-06-17,005930.KS,삼성전자,60630,62040,60160,61890,11027534,61890
2024-06-18,005930.KS,삼성전자,62040,62640,61870,62010,17020552,62010
2024-06-19,005930.KS,삼성전자,62090,62860,61150,61780,18002815,61780
2024-06-20,005930.KS,삼성전자,61480,62160,60790,62080,15653747,62080
2024-06-21,005930.KS,삼성전자,61800,62060,60680,61380,16099385,61380
2024-06-24,005930.KS,삼성전자,61760,62630,59640,60510,16056173,60510
2024-06-25,005930.KS,삼성전자,60030,60840,59250,60190,14037464,60190
2024-06-26,005930.KS,삼성전자,59830,59940,58810,58950,20585323,58950
2024-06-27,005930.KS,삼성전자,59310,59610,58920,59010,15916038,59010
2024-06-28,005930.KS,삼성전자,59320,60040,56930,57560,12789618,57560
2024-07-01,005930.KS,삼성전자,57730,58510,57030,58160,9369831,58160
2024-07-02,005930.KS,삼성전자,57990,61310,57730,60380,29017775,60380
2024-07-03,005930.KS,삼성전자,60200,62190,59880,61290,13740794,61290
2024-07-04,005930.KS,삼성전자,60950,61100,60460,60950,14054589,60950
2024-07-05,005930.KS,삼성전자,61250,61910,60040,60780,15952946,60780
2024-07-08,005930.KS,삼성전자,60520,61820,60040,61120,20487704,61120
2024-07-09,005930.KS,삼성전자,61250,61840,59580,59810,18409907,59810
2024-07-10,005930.KS,삼성전자,59790,60840,57870,58820,15173955,58820
2024-07-11,005930.KS,삼성전자,58020,58880,55710,56280,14738181,56280
2024-07-12,005930.KS,삼성전자,56020,56810,55570,56500,9956725,56500
2024-07-15,005930.KS,삼성전자,56560,57410,54830,55760,12773644,55760
2024-07-16,005930.KS,삼성전자,55930,56910,54770,55740,14575424,55740
2024-07-17,005930.KS,삼성전자,55410,58150,54960,57650,17872516,57650
2024-07-18,005930.KS,삼성전자,57330,58300,56400,57600,7676922,57600
2024-07-19,005930.KS,삼성전자,57640,58580,57050,57810,13444146,57810
2024-07-22,005930.KS,삼성전자,58070,58650,57760,57900,17613514,57900
2024-07-23,005930.KS,삼성전자,57640,59490,56860,58790,13768028,58790
2024-07-24,005930.KS,삼성전자,59000,59540,57880,58490,13648479,58490
2024-07-25,005930.KS,삼성전자,58820,58910,57010,57460,11327637,57460
2024-07-26,005930.KS,삼성전자,57780,58460,54390,54880,17116826,54880
2024-07-29,005930.KS,삼성전자,54540,56150,54260,55220,10450240,55220
2024-07-30,005930.KS,삼성전자,55240,56600,55010,56110,15316429,56110
2024-07-31,005930.KS,삼성전자,56180,56300,54530,55240,20864601,55240
2024-08-01,005930.KS,삼성전자,55470,56810,54780,56180,18950005,56180
2024-08-02,005930.KS,삼성전자,55780,58600,55690,57950,19343793,57950
2024-08-05,005930.KS,삼성전자,57970,58790,56720,56880,18123689,56880
2024-08-06,005930.KS,삼성전자,56700,56820,55660,55760,13276285,55760
2024-08-07,005930.KS,삼성전자,55530,56910,55200,56340,15762856,56340
2024-08-08,005930.KS,삼성전자,56750,58060,56270,57300,19205169,57300
2024-08-09,005930.KS,삼성전자,57130,57680,55120,55540,18697495,55540
2024-08-12,005930.KS,삼성전자,56080,57240,55810,56380,16897068,56380
2024-08-13,005930.KS,삼성전자,55970,56960,54230,54770,19055476,54770
2024-08-14,005930.KS,삼성전자,54830,55200,52920,53750,19474932,53750
2024-08-15,005930.KS,삼성전자,53340,54630,53010,54560,14646291,54560
2024-08-16,005930.KS,삼성전자,54600,54680,53080,53580,15694393,53580
2024-08-19,005930.KS,삼성전자,53540,54340,51800,52170,18713446,52170
2024-08-20,005930.KS,삼성전자,52200,53010,50690,51510,13774690,51510
2024-08-21,005930.KS,삼성전자,50860,51210,50350,50960,17345159,50960
2024-08-22,005930.KS,삼성전자,51190,52310,50330,51440,14561925,51440
2024-08-23,005930.KS,삼성전자,51450,51810,50620,50950,16314174,50950
2023-01-02,035420.KS,NAVER,206520,209580,205300,205950,822784,205950
2023-01-03,035420.KS,NAVER,204560,208030,201190,204520,1273287,204520
2023-01-04,035420.KS,NAVER,205790,207810,199780,201700,891211,201700
2023-01-05,035420.KS,NAVER,200710,203350,197740,199480,1270732,199480
2023-01-06,035420.KS,NAVER,197220,201870,194070,201080,998553,201080
2023-01-09,035420.KS,NAVER,201860,203000,197510,199030,1077454,199030
2023-01-10,035420.KS,NAVER,197080,207740,194400,205450,941029,205450
2023-01-11,035420.KS,NAVER,205170,205640,200420,203190,1347601,203190
2023-01-12,035420.KS,NAVER,202860,208780,201930,208560,1391243,208560
2023-01-13,035420.KS,NAVER,208720,213420,206180,211220,1144658,211220
2023-01-16,035420.KS,NAVER,213080,221650,212550,219540,1824071,219540
2023-01-17,035420.KS,NAVER,220840,224600,220110,222260,943089,222260
2023-01-18,035420.KS,NAVER,219430,226550,217290,225580,987008,225580
2023-01-19,035420.KS,NAVER,224780,228380,218790,219890,1549085,219890
2023-01-20,035420.KS,NAVER,218620,222340,215820,217690,745302,217690
2023-01-23,035420.KS,NAVER,216680,226780,213900,223900,815628,223900
2023-01-24,035420.KS,NAVER,222010,225610,216590,220430,919639,220430
2023-01-25,035420.KS,NAVER,222470,224970,216760,217740,1220461,217740
2023-01-26,035420.KS,NAVER,217880,219440,213860,214600,1252914,214600
2023-01-27,035420.KS,NAVER,213310,223580,210100,220060,1136509,220060
2023-01-30,035420.KS,NAVER,221000,231190,220680,227720,1362316,227720
2023-01-31,035420.KS,NAVER,228370,229700,220960,222580,961805,222580
2023-02-01,035420.KS,NAVER,221650,230960,220150,229800,859744,229800
2023-02-02,035420.KS,NAVER,226270,244680,223470,244130,1215410,244130
2023-02-03,035420.KS,NAVER,243100,246120,238370,241390,1130358,241390
2023-02-06,035420.KS,NAVER,240640,242880,235040,238900,797134,238900
2023-02-07,035420.KS,NAVER,241280,246310,240160,244620,1148077,244620
2023-02-08,035420.KS,NAVER,245430,261570,244720,258230,1704310,258230
2023-02-09,035420.KS,NAVER,254810,265430,253320,262040,658823,262040
2023-02-10,035420.KS,NAVER,262890,263720,255430,259530,939030,259530
2023-02-13,035420.KS,NAVER,261080,261360,252170,253020,1099407,253020
2023-02-14,035420.KS,NAVER,252180,258780,249130,255460,1022923,255460
2023-02-15,035420.KS,NAVER,255700,256340,249980,253540,776804,253540
2023-02-16,035420.KS,NAVER,253270,253570,251000,252400,1451048,252400
2023-02-17,035420.KS,NAVER,256190,257770,245120,248400,810673,248400
2023-02-20,035420.KS,NAVER,247480,258840,243910,255130,911618,255130
2023-02-21,035420.KS,NAVER,252740,255820,249990,255080,1233935,255080
2023-02-22,035420.KS,NAVER,251760,269400,247610,267560,1004892,267560
2023-02-23,035420.KS,NAVER,268890,272400,265540,271420,1331410,271420
2023-02-24,035420.KS,NAVER,270770,281980,267640,278890,1009738,278890
2023-02-27,035420.KS,NAVER,276740,284200,275240,280010,646792,280010
2023-02-28,035420.KS,NAVER,276660,286860,273790,285880,814044,285880
2023-03-01,035420.KS,NAVER,288510,293270,285270,292970,1017192,292970
2023-03-02,035420.KS,NAVER,292410,301570,289200,297020,933319,297020
2023-03-03,035420.KS,NAVER,294030,303310,293680,302790,1043854,302790
2023-03-06,035420.KS,NAVER,303440,318570,301440,314040,1231927,314040
2023-03-07,035420.KS,NAVER,315150,320840,312330,319330,818141,319330
2023-03-08,035420.KS,NAVER,318640,322750,309430,311190,1162905,311190
2023-03-09,035420.KS,NAVER,310100,324480,308270,323350,1343578,323350
2023-03-10,035420.KS,NAVER,324660,337020,318880,332110,1006456,332110
2023-03-13,035420.KS,NAVER,330600,342430,327060,339240,1134775,339240
2023-03-14,035420.KS,NAVER,340210,341290,331290,333630,793347,333630
2023-03-15,035420.KS,NAVER,335950,340310,330100,331450,1050570,331450
2023-03-16,035420.KS,NAVER,334400,338110,310970,316650,1347194,316650
2023-03-17,035420.KS,NAVER,319630,322870,319190,321090,753986,321090
2023-03-20,035420.KS,NAVER,317580,325290,316670,324910,1083080,324910
2023-03-21,035420.KS,NAVER,326560,329940,319270,321240,968695,321240
2023-03-22,035420.KS,NAVER,317320,321220,312310,320860,606979,320860
2023-03-23,035420.KS,NAVER,321080,324150,311730,317340,828632,317340
2023-03-24,035420.KS,NAVER,317580,320240,314550,319650,1032535,319650
2023-03-27,035420.KS,NAVER,324220,327630,312960,315250,1035390,315250
2023-03-28,035420.KS,NAVER,313660,317810,301040,305560,946870,305560
2023-03-29,035420.KS,NAVER,307470,313070,304530,310350,1320041,310350
2023-03-30,035420.KS,NAVER,313320,318860,311500,316530,1174161,316530
2023-03-31,035420.KS,NAVER,317260,325790,316710,320300,954612,320300
2023-04-03,035420.KS,NAVER,322880,327870,319760,321480,859379,321480
2023-04-04,035420.KS,NAVER,322070,332100,319780,329750,1099146,329750
2023-04-05,035420.KS,NAVER,330180,334130,325870,326340,1143647,326340
2023-04-06,035420.KS,NAVER,330380,334630,325970,329310,1064651,329310
2023-04-07,035420.KS,NAVER,332120,333520,323610,326960,1033326,326960
2023-04-10,035420.KS,NAVER,325150,328640,322410,326640,417647,326640
2023-04-11,035420.KS,NAVER,329330,332500,321510,325390,975835,325390
2023-04-12,035420.KS,NAVER,326940,332380,309020,314430,1207460,314430
2023-04-13,035420.KS,NAVER,315710,322880,314070,320480,1168200,320480
2023-04-14,035420.KS,NAVER,319380,322240,316020,316500,934052,316500
2023-04-17,035420.KS,NAVER,316490,317500,311930,314240,689468,314240
2023-04-18,035420.KS,NAVER,313570,314030,307720,311460,1140194,311460
2023-04-19,035420.KS,NAVER,312020,315480,309380,312030,1089421,312030
2023-04-20,035420.KS,NAVER,313070,315510,309840,312990,884071,312990
2023-04-21,035420.KS,NAVER,315420,320350,311190,319050,1033048,319050
2023-04-24,035420.KS,NAVER,321000,323350,316050,322860,1296330,322860
2023-04-25,035420.KS,NAVER,328690,333750,322920,329630,972886,329630
2023-04-26,035420.KS,NAVER,331270,333410,319040,322570,775892,322570
2023-04-27,035420.KS,NAVER,321770,325860,312860,318030,747933,318030
2023-04-28,035420.KS,NAVER,316160,321820,312640,315980,1022742,315980
2023-05-01,035420.KS,NAVER,314990,319470,300870,301650,1143834,301650
2023-05-02,035420.KS,NAVER,298810,309630,298230,307090,1001385,307090
2023-05-03,035420.KS,NAVER,304230,315720,303040,311560,911025,311560
2023-05-04,035420.KS,NAVER,312040,312820,298610,298910,1127116,298910
2023-05-05,035420.KS,NAVER,299600,309350,297790,304650,856794,304650
2023-05-08,035420.KS,NAVER,307750,313200,293930,298790,1109029,298790
2023-05-09,035420.KS,NAVER,297310,300730,289460,293060,716444,293060
2023-05-10,035420.KS,NAVER,292990,293350,286510,287170,924618,287170
2023-05-11,035420.KS,NAVER,284890,294950,283520,290180,747239,290180
2023-05-12,035420.KS,NAVER,288950,293260,278480,280900,1086019,280900
2023-05-15,035420.KS,NAVER,282010,286900,275480,276510,1515161,276510
2023-05-16,035420.KS,NAVER,277490,291100,275660,288290,1441392,288290
2023-05-17,035420.KS,NAVER,290880,292080,278930,284020,866241,284020
2023-05-18,035420.KS,NAVER,285390,289390,283240,284590,835307,284590
2023-05-19,035420.KS,NAVER,286100,287510,281570,283940,673429,283940
2023-05-22,035420.KS,NAVER,282070,289270,280120,284220,928427,284220
2023-05-23,035420.KS,NAVER,285220,285760,276840,281630,1397349,281630
2023-05-24,035420.KS,NAVER,280450,285760,276440,285030,1042685,285030
2023-05-25,035420.KS,NAVER,284950,287490,269680,271780,1610830,271780
2023-05-26,035420.KS,NAVER,271600,275710,269590,270730,948265,270730
2023-05-29,035420.KS,NAVER,274560,282460,271490,280890,1103831,280890
2023-05-30,035420.KS,NAVER,282660,285400,277970,283050,959262,283050
2023-05-31,035420.KS,NAVER,282230,286710,278850,283640,778598,283640
2023-06-01,035420.KS,NAVER,281960,288020,277420,286430,1034183,286430
2023-06-02,035420.KS,NAVER,285810,289530,277780,280770,1036100,280770
2023-06-05,035420.KS,NAVER,278430,282280,274630,279740,809345,279740
2023-06-06,035420.KS,NAVER,278650,283600,275870,280290,655527,280290
2023-06-07,035420.KS,NAVER,282240,286270,269640,272080,1173616,272080
2023-06-08,035420.KS,NAVER,267510,276580,265900,274870,1160846,274870
2023-06-09,035420.KS,NAVER,275470,277590,268980,271740,967445,271740
2023-06-12,035420.KS,NAVER,272080,279940,270900,276020,932440,276020
2023-06-13,035420.KS,NAVER,276060,279530,260800,264850,1430788,264850
2023-06-14,035420.KS,NAVER,263140,267740,260650,267020,935707,267020
2023-06-15,035420.KS,NAVER,268700,270510,260920,262740,847712,262740
2023-06-16,035420.KS,NAVER,263070,264480,253840,254500,947289,254500
2023-06-19,035420.KS,NAVER,253710,254710,244880,249050,1311970,249050
2023-06-20,035420.KS,NAVER,248610,252980,246480,247500,1024219,247500
2023-06-21,035420.KS,NAVER,246780,251220,242650,246860,1227931,246860
2023-06-22,035420.KS,NAVER,246590,252780,243890,249680,920001,249680
2023-06-23,035420.KS,NAVER,251780,254980,245540,247110,595585,247110
2023-06-26,035420.KS,NAVER,248000,251190,247520,249010,913881,249010
2023-06-27,035420.KS,NAVER,250090,254380,246550,249200,458579,249200
2023-06-28,035420.KS,NAVER,248330,258730,247040,256200,1278354,256200
2023-06-29,035420.KS,NAVER,257180,259290,250440,254720,1039874,254720
2023-06-30,035420.KS,NAVER,254320,257820,250740,256280,1153253,256280
2023-07-03,035420.KS,NAVER,256110,261360,254110,257350,565509,257350
2023-07-04,035420.KS,NAVER,256270,262600,254680,262230,796798,262230
2023-07-05,035420.KS,NAVER,260250,267660,259690,267170,1090977,267170
2023-07-06,035420.KS,NAVER,268120,272250,256260,257860,1521150,257860
2023-07-07,035420.KS,NAVER,256580,263110,255220,259080,772472,259080
2023-07-10,035420.KS,NAVER,262350,265340,260750,261100,1150216,261100
2023-07-11,035420.KS,NAVER,260890,263830,258320,261140,966038,261140
2023-07-12,035420.KS,NAVER,263400,264910,254920,258810,1028577,258810
2023-07-13,035420.KS,NAVER,260640,262350,259610,259930,921051,259930
2023-07-14,035420.KS,NAVER,258870,261010,252720,257110,1151538,257110
2023-07-17,035420.KS,NAVER,255730,269070,253460,264860,1061738,264860
2023-07-18,035420.KS,NAVER,260470,269670,258600,266400,924707,266400
2023-07-19,035420.KS,NAVER,265680,270340,262260,264710,1019433,264710
2023-07-20,035420.KS,NAVER,266620,270590,262170,262930,1079727,262930
2023-07-21,035420.KS,NAVER,262250,268320,260700,265330,1117126,265330
2023-07-24,035420.KS,NAVER,263360,267110,262480,263030,892933,263030
2023-07-25,035420.KS,NAVER,262500,263480,259960,262580,978342,262580
2023-07-26,035420.KS,NAVER,263230,267420,258160,260930,1016395,260930
2023-07-27,035420.KS,NAVER,260440,272050,257100,268290,970154,268290
2023-07-28,035420.KS,NAVER,267330,269050,263780,267160,1097777,267160
2023-07-31,035420.KS,NAVER,268910,277410,265120,274860,1168685,274860
2023-08-01,035420.KS,NAVER,276110,278150,266650,267450,1077650,267450
2023-08-02,035420.KS,NAVER,266950,268310,266140,266970,1185120,266970
2023-08-03,035420.KS,NAVER,266270,269360,262100,266980,514254,266980
2023-08-04,035420.KS,NAVER,267090,267490,264190,265740,654912,265740
2023-08-07,035420.KS,NAVER,265620,267650,258580,262420,749195,262420
2023-08-08,035420.KS,NAVER,267560,270730,260680,264440,1113632,264440
2023-08-09,035420.KS,NAVER,266480,270190,250590,253130,1419051,253130
2023-08-10,035420.KS,NAVER,252480,263090,251160,259570,893664,259570
2023-08-11,035420.KS,NAVER,260560,263360,258530,260980,806075,260980
2023-08-14,035420.KS,NAVER,260670,262340,256450,261930,654951,261930
2023-08-15,035420.KS,NAVER,260210,264300,251760,256080,1076667,256080
2023-08-16,035420.KS,NAVER,253720,257650,245070,247720,1381110,247720
2023-08-17,035420.KS,NAVER,248580,252000,236710,240150,1010413,240150
2023-08-18,035420.KS,NAVER,240740,242210,234570,238170,772752,238170
2023-08-21,035420.KS,NAVER,239070,243140,236810,242820,1127541,242820
2023-08-22,035420.KS,NAVER,242860,255910,241710,254220,1466420,254220
2023-08-23,035420.KS,NAVER,253930,256440,248160,249660,1055842,249660
2023-08-24,035420.KS,NAVER,245190,259400,242280,258600,1479705,258600
2023-08-25,035420.KS,NAVER,261920,264050,252940,253680,948052,253680
2023-08-28,035420.KS,NAVER,256170,262850,253200,259770,1172118,259770
2023-08-29,035420.KS,NAVER,259610,275040,256090,273040,1609919,273040
2023-08-30,035420.KS,NAVER,273040,273460,266310,267970,1099484,267970
2023-08-31,035420.KS,NAVER,267530,273280,264880,269270,1240995,269270
2023-09-01,035420.KS,NAVER,268910,281070,268170,276790,1264301,276790
2023-09-04,035420.KS,NAVER,279360,291330,275180,286530,1177779,286530
2023-09-05,035420.KS,NAVER,283810,299310,281540,296450,1510437,296450
2023-09-06,035420.KS,NAVER,299060,303780,289230,292790,1050048,292790
2023-09-07,035420.KS,NAVER,293170,298230,288470,293040,456376,293040
2023-09-08,035420.KS,NAVER,292540,298960,292130,294380,935212,294380
2023-09-11,035420.KS,NAVER,291790,305250,287650,300330,862810,300330
2023-09-12,035420.KS,NAVER,299660,305700,294390,302530,1029832,302530
2023-09-13,035420.KS,NAVER,302260,307140,298860,305970,544699,305970
2023-09-14,035420.KS,NAVER,305690,310680,300890,303060,914364,303060
2023-09-15,035420.KS,NAVER,300320,313680,296080,309280,1263954,309280
2023-09-18,035420.KS,NAVER,308690,309250,304160,307250,1105950,307250
2023-09-19,035420.KS,NAVER,308400,313440,304410,310010,960063,310010
2023-09-20,035420.KS,NAVER,308110,312400,305450,307880,925771,307880
2023-09-21,035420.KS,NAVER,310430,311570,298420,299440,852234,299440
2023-09-22,035420.KS,NAVER,304340,305430,301810,303970,1063682,303970
2023-09-25,035420.KS,NAVER,300700,311570,298400,308120,879558,308120
2023-09-26,035420.KS,NAVER,307700,312140,296060,300990,1518592,300990
2023-09-27,035420.KS,NAVER,298520,306160,296570,304520,827398,304520
2023-09-28,035420.KS,NAVER,305420,308990,298380,301810,869643,301810
2023-09-29,035420.KS,NAVER,302280,313210,300870,308860,748722,308860
2023-10-02,035420.KS,NAVER,312250,315710,307400,309520,932543,309520
2023-10-03,035420.KS,NAVER,308350,329710,307360,327010,1264604,327010
2023-10-04,035420.KS,NAVER,328470,331520,317550,321250,1075736,321250
2023-10-05,035420.KS,NAVER,324750,332850,323030,330850,1294114,330850
2023-10-06,035420.KS,NAVER,331770,334930,326700,329420,1051093,329420
2023-10-09,035420.KS,NAVER,327910,331280,324360,325330,1190009,325330
2023-10-10,035420.KS,NAVER,322690,329050,321350,325430,1267240,325430
2023-10-11,035420.KS,NAVER,326220,335210,321170,330030,860789,330030
2023-10-12,035420.KS,NAVER,329670,339740,328700,333860,927074,333860
2023-10-13,035420.KS,NAVER,336410,341510,330710,332740,887299,332740
2023-10-16,035420.KS,NAVER,331860,333870,326130,328840,898697,328840
2023-10-17,035420.KS,NAVER,330740,334850,327130,331480,996912,331480
2023-10-18,035420.KS,NAVER,331630,347350,329680,342330,1080904,342330
2023-10-19,035420.KS,NAVER,342120,356600,338060,350330,897046,350330
2023-10-20,035420.KS,NAVER,348910,360840,344530,359480,1163515,359480
2023-10-23,035420.KS,NAVER,360470,366600,357500,358210,795791,358210
2023-10-24,035420.KS,NAVER,359100,365080,348740,351050,899558,351050
2023-10-25,035420.KS,NAVER,353360,354530,342930,346960,678494,346960
2023-10-26,035420.KS,NAVER,346470,350160,344740,348600,1167033,348600
2023-10-27,035420.KS,NAVER,346910,349480,343660,345710,1166699,345710
2023-10-30,035420.KS,NAVER,347980,351510,343290,345200,776422,345200
2023-10-31,035420.KS,NAVER,341710,353060,335650,350200,1098455,350200
2023-11-01,035420.KS,NAVER,353460,356030,345380,349800,782917,349800
2023-11-02,035420.KS,NAVER,348560,358940,347800,355490,943758,355490
2023-11-03,035420.KS,NAVER,357640,364620,355320,362240,1002468,362240
2023-11-06,035420.KS,NAVER,361120,367530,359180,364950,1074796,364950
2023-11-07,035420.KS,NAVER,364620,369430,358480,360360,912066,360360
2023-11-08,035420.KS,NAVER,358070,358950,352540,353980,664990,353980
2023-11-09,035420.KS,NAVER,356230,357070,342350,347980,1030009,347980
2023-11-10,035420.KS,NAVER,350270,355810,344150,348020,940185,348020
2023-11-13,035420.KS,NAVER,349630,371590,347440,366480,1372706,366480
2023-11-14,035420.KS,NAVER,369360,370870,362510,367900,1198782,367900
2023-11-15,035420.KS,NAVER,367930,379070,365090,376960,1279546,376960
2023-11-16,035420.KS,NAVER,374520,391610,371500,385560,955505,385560
2023-11-17,035420.KS,NAVER,381860,394650,381140,392940,1285394,392940
2023-11-20,035420.KS,NAVER,390700,396320,375170,377340,1034308,377340
2023-11-21,035420.KS,NAVER,378650,380560,369630,372890,825392,372890
2023-11-22,035420.KS,NAVER,374280,380800,368480,372070,652793,372070
2023-11-23,035420.KS,NAVER,372470,377310,365380,366350,1300112,366350
2023-11-24,035420.KS,NAVER,364220,383140,359050,380240,1118862,380240
2023-11-27,035420.KS,NAVER,382330,386700,378440,380850,943475,380850
2023-11-28,035420.KS,NAVER,381540,401000,377350,395820,1692924,395820
2023-11-29,035420.KS,NAVER,394090,401960,388930,398100,889248,398100
2023-11-30,035420.KS,NAVER,398670,403950,392410,393650,869542,393650
2023-12-01,035420.KS,NAVER,397480,403620,387710,390610,770587,390610
2023-12-04,035420.KS,NAVER,387510,393580,380400,385710,1115465,385710
2023-12-05,035420.KS,NAVER,385690,391580,364250,366930,1473692,366930
2023-12-06,035420.KS,NAVER,368500,372660,363670,367650,1210466,367650
2023-12-07,035420.KS,NAVER,367780,372480,356140,359620,880262,359620
2023-12-08,035420.KS,NAVER,360590,368520,355300,365860,1032870,365860
2023-12-11,035420.KS,NAVER,370370,371460,353880,354760,992573,354760
2023-12-12,035420.KS,NAVER,355760,357100,340060,345130,1051232,345130
2023-12-13,035420.KS,NAVER,347860,353240,338970,343560,608666,343560
2023-12-14,035420.KS,NAVER,342820,343750,334830,338930,872976,338930
2023-12-15,035420.KS,NAVER,337110,342820,332210,340780,1034443,340780
2023-12-18,035420.KS,NAVER,342390,347070,332160,338100,1298082,338100
2023-12-19,035420.KS,NAVER,342460,343900,335750,340110,903299,340110
2023-12-20,035420.KS,NAVER,338350,348930,335630,346000,1000825,346000
2023-12-21,035420.KS,NAVER,345400,360800,342970,357350,1146298,357350
2023-12-22,035420.KS,NAVER,359820,370030,358130,367630,1139322,367630
2023-12-25,035420.KS,NAVER,369170,371690,350720,353540,1539482,353540
2023-12-26,035420.KS,NAVER,351680,354570,336140,341540,999266,341540
2023-12-27,035420.KS,NAVER,338820,348180,337710,344040,497546,344040
2023-12-28,035420.KS,NAVER,343040,344590,332970,335980,1414631,335980
2023-12-29,035420.KS,NAVER,334670,337150,327620,329430,735162,329430
2024-01-01,035420.KS,NAVER,328540,333320,324900,325750,833130,325750
2024-01-02,035420.KS,NAVER,322800,332920,318020,327650,925331,327650
2024-01-03,035420.KS,NAVER,326450,331890,303400,308960,1600468,308960
2024-01-04,035420.KS,NAVER,308830,314590,304390,311430,848049,311430
2024-01-05,035420.KS,NAVER,315380,317290,300290,302400,968526,302400
2024-01-08,035420.KS,NAVER,304350,309490,299370,305190,1060364,305190
2024-01-09,035420.KS,NAVER,308940,314340,299740,301290,699237,301290
2024-01-10,035420.KS,NAVER,300440,302880,288630,293530,1159707,293530
2024-01-11,035420.KS,NAVER,291700,293800,285510,285920,1308031,285920
2024-01-12,035420.KS,NAVER,285070,293460,283410,288280,1221630,288280
2024-01-15,035420.KS,NAVER,289280,291330,280080,284230,1008205,284230
2024-01-16,035420.KS,NAVER,284780,285750,277560,279030,412424,279030
2024-01-17,035420.KS,NAVER,280580,293530,280000,288480,1168316,288480
2024-01-18,035420.KS,NAVER,291660,293260,280280,282690,1307781,282690
2024-01-19,035420.KS,NAVER,281430,286040,276410,279630,874474,279630
2024-01-22,035420.KS,NAVER,278300,290420,276190,289660,1552012,289660
2024-01-23,035420.KS,NAVER,289710,290750,282220,287290,1029055,287290
2024-01-24,035420.KS,NAVER,289370,293580,285770,290340,649182,290340
2024-01-25,035420.KS,NAVER,289420,292430,277270,280970,979126,280970
2024-01-26,035420.KS,NAVER,279020,286570,276280,282830,813062,282830
2024-01-29,035420.KS,NAVER,277710,285610,275000,285050,840687,285050
2024-01-30,035420.KS,NAVER,283320,286310,275090,276910,1216055,276910
2024-01-31,035420.KS,NAVER,277310,279960,265620,269870,1232255,269870
2024-02-01,035420.KS,NAVER,268710,271410,265120,269320,902106,269320
2024-02-02,035420.KS,NAVER,268610,274550,265340,273360,774944,273360
2024-02-05,035420.KS,NAVER,272080,281260,268940,278660,883878,278660
2024-02-06,035420.KS,NAVER,279530,285350,276580,282450,754249,282450
2024-02-07,035420.KS,NAVER,285960,294440,281540,289970,953071,289970
2024-02-08,035420.KS,NAVER,289410,292000,284030,286700,941274,286700
2024-02-09,035420.KS,NAVER,285640,286860,280250,284540,1075920,284540
2024-02-12,035420.KS,NAVER,283510,286870,281080,283390,1008016,283390
2024-02-13,035420.KS,NAVER,284840,292860,282030,290210,846376,290210
2024-02-14,035420.KS,NAVER,290240,298230,288980,293390,967806,293390
2024-02-15,035420.KS,NAVER,294800,297760,291220,293440,819433,293440
2024-02-16,035420.KS,NAVER,291430,298930,291130,296570,1272417,296570
2024-02-19,035420.KS,NAVER,297110,305090,296080,303950,1524916,303950
2024-02-20,035420.KS,NAVER,306070,309840,300070,300410,821254,300410
2024-02-21,035420.KS,NAVER,303950,308870,298500,301340,1170427,301340
2024-02-22,035420.KS,NAVER,301590,309880,298740,304450,1222813,304450
2024-02-23,035420.KS,NAVER,302390,310500,299430,307370,1235030,307370
2024-02-26,035420.KS,NAVER,309730,311820,305540,309850,1087735,309850
2024-02-27,035420.KS,NAVER,311260,313680,303230,306340,1012184,306340
2024-02-28,035420.KS,NAVER,304410,312140,300930,310140,773744,310140
2024-02-29,035420.KS,NAVER,307950,312370,294940,299230,1326096,299230
2024-03-01,035420.KS,NAVER,300350,303190,290570,291450,792567,291450
2024-03-04,035420.KS,NAVER,290750,294470,285300,288270,868343,288270
2024-03-05,035420.KS,NAVER,289740,290110,285410,287990,993854,287990
2024-03-06,035420.KS,NAVER,286960,295680,283230,291880,918368,291880
2024-03-07,035420.KS,NAVER,293080,297770,284280,288680,1312725,288680
2024-03-08,035420.KS,NAVER,287650,288910,282330,284700,957540,284700
2024-03-11,035420.KS,NAVER,284640,289330,280470,288410,1118227,288410
2024-03-12,035420.KS,NAVER,289670,296780,287600,294180,939410,294180
2024-03-13,035420.KS,NAVER,291130,299080,290730,298650,1070671,298650
2024-03-14,035420.KS,NAVER,299510,300380,289900,292560,1254795,292560
2024-03-15,035420.KS,NAVER,291650,297250,289870,292220,1197206,292220
2024-03-18,035420.KS,NAVER,293540,295270,287560,291260,580411,291260
2024-03-19,035420.KS,NAVER,290960,291420,283400,286440,928607,286440
2024-03-20,035420.KS,NAVER,285880,287510,278160,278510,1367969,278510
2024-03-21,035420.KS,NAVER,279140,283350,276790,281840,598654,281840
2024-03-22,035420.KS,NAVER,281950,283000,278230,281290,1004649,281290
2024-03-25,035420.KS,NAVER,280030,291330,275780,286510,965588,286510
2024-03-26,035420.KS,NAVER,288360,294620,284610,292370,900956,292370
2024-03-27,035420.KS,NAVER,291630,304530,288870,299880,1082295,299880
2024-03-28,035420.KS,NAVER,296880,308490,295800,305120,1037914,305120
2024-03-29,035420.KS,NAVER,302560,313950,302140,309550,1147012,309550
2024-04-01,035420.KS,NAVER,307560,311310,301990,306640,729463,306640
2024-04-02,035420.KS,NAVER,305790,310980,301450,309970,802105,309970
2024-04-03,035420.KS,NAVER,311760,315940,296080,301280,1041797,301280
2024-04-04,035420.KS,NAVER,302040,306670,290720,291680,1110963,291680
2024-04-05,035420.KS,NAVER,292670,295570,286020,287510,619812,287510
2024-04-08,035420.KS,NAVER,287360,299280,286510,297740,1144527,297740
2024-04-09,035420.KS,NAVER,299980,300700,288390,290960,1046450,290960
2024-04-10,035420.KS,NAVER,290850,299510,287360,296920,991401,296920
2024-04-11,035420.KS,NAVER,299870,302180,297580,299340,988165,299340
2024-04-12,035420.KS,NAVER,301870,305630,297570,299360,1181454,299360
2024-04-15,035420.KS,NAVER,297050,300120,294400,297750,939288,297750
2024-04-16,035420.KS,NAVER,295570,313290,294960,309270,1142664,309270
2024-04-17,035420.KS,NAVER,306330,306840,300070,302170,813250,302170
2024-04-18,035420.KS,NAVER,306460,309160,298510,303490,1147254,303490
2024-04-19,035420.KS,NAVER,310510,312060,298780,303870,1508735,303870
2024-04-22,035420.KS,NAVER,303580,306890,303010,306300,1170803,306300
2024-04-23,035420.KS,NAVER,304800,310440,300050,307710,656181,307710
2024-04-24,035420.KS,NAVER,309420,312550,307290,311010,1347528,311010
2024-04-25,035420.KS,NAVER,310280,315520,304840,305930,1037517,305930
2024-04-26,035420.KS,NAVER,307200,318030,303640,313610,471221,313610
2024-04-29,035420.KS,NAVER,313370,319950,312780,314760,736563,314760
2024-04-30,035420.KS,NAVER,316440,320320,312750,318210,1143724,318210
2024-05-01,035420.KS,NAVER,319280,322280,313790,318690,1224164,318690
2024-05-02,035420.KS,NAVER,320930,321770,306620,310720,1250836,310720
2024-05-03,035420.KS,NAVER,310760,311950,305470,310850,917224,310850
2024-05-06,035420.KS,NAVER,311630,320270,308930,316030,840459,316030
2024-05-07,035420.KS,NAVER,316020,320020,308650,312290,771312,312290
2024-05-08,035420.KS,NAVER,314060,315180,311890,312360,600614,312360
2024-05-09,035420.KS,NAVER,315940,323520,311720,317940,1053437,317940
2024-05-10,035420.KS,NAVER,321160,335260,319410,332900,923481,332900
2024-05-13,035420.KS,NAVER,336600,342040,320250,324830,1276512,324830
2024-05-14,035420.KS,NAVER,321940,326530,316530,319290,1064317,319290
2024-05-15,035420.KS,NAVER,320890,323700,313480,317730,900725,317730
2024-05-16,035420.KS,NAVER,322150,325760,303950,308660,1263245,308660
2024-05-17,035420.KS,NAVER,311440,316660,298240,298780,1013696,298780
2024-05-20,035420.KS,NAVER,298230,301460,295060,300920,1185654,300920
2024-05-21,035420.KS,NAVER,299630,309260,295350,306730,1236159,306730
2024-05-22,035420.KS,NAVER,306950,307370,297300,299800,1504779,299800
2024-05-23,035420.KS,NAVER,298820,302800,289480,292640,1022508,292640
2024-05-24,035420.KS,NAVER,288950,299320,287280,296340,1172461,296340
2024-05-27,035420.KS,NAVER,296000,296780,289240,291580,1196486,291580
2024-05-28,035420.KS,NAVER,288350,297330,286880,294540,1117605,294540
2024-05-29,035420.KS,NAVER,294930,296190,285210,285910,951445,285910
2024-05-30,035420.KS,NAVER,284100,291050,280100,287400,1148059,287400
2024-05-31,035420.KS,NAVER,285640,293650,282410,293170,950893,293170
2024-06-03,035420.KS,NAVER,291320,301800,290330,297860,1277784,297860
2024-06-04,035420.KS,NAVER,299180,302280,289090,293530,1312805,293530
2024-06-05,035420.KS,NAVER,293460,304470,292640,302350,888763,302350
2024-06-06,035420.KS,NAVER,302380,304880,291260,296490,1140914,296490
2024-06-07,035420.KS,NAVER,293370,301760,291060,299090,899169,299090
2024-06-10,035420.KS,NAVER,299150,302100,295370,298400,777640,298400
2024-06-11,035420.KS,NAVER,299290,299810,293040,295970,820737,295970
2024-06-12,035420.KS,NAVER,295360,308200,291040,304540,1387472,304540
2024-06-13,035420.KS,NAVER,303930,309230,303380,304560,935763,304560
2024-06-14,035420.KS,NAVER,301960,302650,286870,292030,1263647,292030
2024-06-17,035420.KS,NAVER,291750,293880,283120,284670,1191240,284670
2024-06-18,035420.KS,NAVER,283020,284920,277120,279200,1113035,279200
2024-06-19,035420.KS,NAVER,279290,282150,271950,274600,1187509,274600
2024-06-20,035420.KS,NAVER,275090,279280,261490,264870,1465726,264870
2024-06-21,035420.KS,NAVER,263510,270380,261370,267800,988977,267800
2024-06-24,035420.KS,NAVER,271270,274960,259440,260180,852788,260180
2024-06-25,035420.KS,NAVER,258820,259320,243770,247780,1461946,247780
2024-06-26,035420.KS,NAVER,247620,253870,244200,249710,936927,249710
2024-06-27,035420.KS,NAVER,250690,254240,245300,248720,958862,248720
2024-06-28,035420.KS,NAVER,247960,250650,243510,245640,755166,245640
2024-07-01,035420.KS,NAVER,246050,247480,236900,240310,1336504,240310
2024-07-02,035420.KS,NAVER,239510,240490,236080,236390,964293,236390
2024-07-03,035420.KS,NAVER,237630,241250,234770,235730,892716,235730
2024-07-04,035420.KS,NAVER,234640,241460,233660,240320,1008271,240320
2024-07-05,035420.KS,NAVER,240400,245770,238340,243500,1492184,243500
2024-07-08,035420.KS,NAVER,240230,242210,231080,232970,1166051,232970
2024-07-09,035420.KS,NAVER,235840,238970,227990,231490,1105979,231490
2024-07-10,035420.KS,NAVER,228650,242300,225880,239110,1272632,239110
2024-07-11,035420.KS,NAVER,239830,242700,234220,234830,1246553,234830
2024-07-12,035420.KS,NAVER,232990,236520,229700,230370,1431843,230370
2024-07-15,035420.KS,NAVER,231150,235960,227740,233530,1413943,233530
2024-07-16,035420.KS,NAVER,235540,239630,228460,232280,1311080,232280
2024-07-17,035420.KS,NAVER,230160,234870,226760,233240,990629,233240
2024-07-18,035420.KS,NAVER,231140,234140,230810,231070,1195166,231070
2024-07-19,035420.KS,NAVER,229340,231860,225840,230100,1127473,230100
2024-07-22,035420.KS,NAVER,230980,235000,228250,233280,1031159,233280
2024-07-23,035420.KS,NAVER,231500,234300,229320,233270,1123922,233270
2024-07-24,035420.KS,NAVER,231540,232550,229280,231200,766949,231200
2024-07-25,035420.KS,NAVER,228460,233860,227320,230230,747082,230230
2024-07-26,035420.KS,NAVER,232230,234390,224440,227380,749579,227380
2024-07-29,035420.KS,NAVER,228570,232210,226030,228860,538464,228860
2024-07-30,035420.KS,NAVER,229410,237470,227590,235300,1183923,235300
2024-07-31,035420.KS,NAVER,232330,237650,229410,235610,1029996,235610
2024-08-01,035420.KS,NAVER,235380,239970,232930,236170,583245,236170
2024-08-02,035420.KS,NAVER,233910,236090,227250,228750,1124718,228750
2024-08-05,035420.KS,NAVER,227460,230340,220670,223970,1270361,223970
2024-08-06,035420.KS,NAVER,222950,224380,215190,218270,1285337,218270
2024-08-07,035420.KS,NAVER,215610,218820,214560,216720,651225,216720
2024-08-08,035420.KS,NAVER,218200,219740,212770,214610,871207,214610
2024-08-09,035420.KS,NAVER,214900,216320,209480,211370,1025369,211370
2024-08-12,035420.KS,NAVER,212120,216060,211790,215440,979961,215440
2024-08-13,035420.KS,NAVER,214770,227070,214140,223620,1199887,223620
2024-08-14,035420.KS,NAVER,221540,238500,220710,234440,1287890,234440
2024-08-15,035420.KS,NAVER,231550,240920,228880,238100,1068260,238100
2024-08-16,035420.KS,NAVER,238210,242620,236830,239690,864558,239690
2024-08-19,035420.KS,NAVER,242160,244750,230140,234210,1045334,234210
2024-08-20,035420.KS,NAVER,234070,239700,233780,237520,1323894,237520
2024-08-21,035420.KS,NAVER,240450,240900,233080,236340,982264,236340
2024-08-22,035420.KS,NAVER,237980,239500,232740,235210,1132341,235210
2024-08-23,035420.KS,NAVER,235210,235840,230190,234370,894398,234370
2023-01-02,035720.KS,카카오,56870,58180,56040,57200,2113883,57200
2023-01-03,035720.KS,카카오,57470,57590,55850,56020,3083843,56020
2023-01-04,035720.KS,카카오,55760,57890,55480,57450,2962454,57450
2023-01-05,035720.KS,카카오,57830,58570,55910,56430,2993071,56430
2023-01-06,035720.KS,카카오,56150,56420,55050,55730,2673432,55730
2023-01-09,035720.KS,카카오,55340,58310,54680,57730,3280105,57730
2023-01-10,035720.KS,카카오,57460,58500,54410,55030,4282829,55030
2023-01-11,035720.KS,카카오,54990,56230,54050,55810,2279951,55810
2023-01-12,035720.KS,카카오,55490,57070,55210,56280,2350086,56280
2023-01-13,035720.KS,카카오,56300,57300,53810,54060,4191053,54060
2023-01-16,035720.KS,카카오,53860,54750,52650,53030,2787100,53030
2023-01-17,035720.KS,카카오,52900,55260,52130,54530,3273643,54530
2023-01-18,035720.KS,카카오,53820,54640,53010,53740,2773892,53740
2023-01-19,035720.KS,카카오,53420,54940,52610,54280,2374533,54280
2023-01-20,035720.KS,카카오,54430,57240,53920,56270,3112728,56270
2023-01-23,035720.KS,카카오,55590,59760,55080,58750,2884430,58750
2023-01-24,035720.KS,카카오,58120,58470,57530,58310,1658980,58310
2023-01-25,035720.KS,카카오,59440,59580,56620,57030,3476208,57030
2023-01-26,035720.KS,카카오,56680,58840,55910,58600,2953038,58600
2023-01-27,035720.KS,카카오,57950,59560,57350,58700,2944490,58700
2023-01-30,035720.KS,카카오,58840,60440,58530,60180,3610775,60180
2023-01-31,035720.KS,카카오,59950,60650,59780,60030,1975546,60030
2023-02-01,035720.KS,카카오,59810,61860,59700,61140,1892711,61140
2023-02-02,035720.KS,카카오,61080,63460,60510,62760,2763305,62760
2023-02-03,035720.KS,카카오,62550,63400,62380,62840,2506979,62840
2023-02-06,035720.KS,카카오,63220,63340,62320,63060,2342350,63060
2023-02-07,035720.KS,카카오,62920,64800,61910,64420,2745292,64420
2023-02-08,035720.KS,카카오,64500,65580,62300,63020,3041310,63020
2023-02-09,035720.KS,카카오,62100,62420,61340,62270,2487148,62270
2023-02-10,035720.KS,카카오,61550,63320,61450,62340,2844449,62340
2023-02-13,035720.KS,카카오,62570,65290,61740,64240,2799143,64240
2023-02-14,035720.KS,카카오,64190,64460,61310,61400,3410524,61400
2023-02-15,035720.KS,카카오,61320,61480,58370,58940,3239852,58940
2023-02-16,035720.KS,카카오,59020,59990,57100,57400,3219186,57400
2023-02-17,035720.KS,카카오,56890,58470,56010,57720,2091305,57720
2023-02-20,035720.KS,카카오,57240,58390,56400,58320,2593924,58320
2023-02-21,035720.KS,카카오,58580,59500,55860,56680,2984889,56680
2023-02-22,035720.KS,카카오,56250,57840,55830,57090,2025331,57090
2023-02-23,035720.KS,카카오,56060,56620,55420,55980,3205529,55980
2023-02-24,035720.KS,카카오,55730,57030,54970,56720,1889716,56720
2023-02-27,035720.KS,카카오,56660,56900,55840,56720,2316503,56720
2023-02-28,035720.KS,카카오,55810,59020,55630,58420,2994607,58420
2023-03-01,035720.KS,카카오,57910,59600,57640,58650,2760731,58650
2023-03-02,035720.KS,카카오,58220,58770,56570,56890,3255383,56890
2023-03-03,035720.KS,카카오,56850,57160,56220,56930,2541827,56930
2023-03-06,035720.KS,카카오,57350,57950,55970,56350,3116107,56350
2023-03-07,035720.KS,카카오,57020,57720,56030,56150,2587812,56150
2023-03-08,035720.KS,카카오,56500,58290,55920,57430,3162672,57430
2023-03-09,035720.KS,카카오,57860,59160,57110,58500,2907625,58500
2023-03-10,035720.KS,카카오,58260,58710,57100,57300,3244126,57300
2023-03-13,035720.KS,카카오,57590,57690,56010,56750,1581222,56750
2023-03-14,035720.KS,카카오,57720,58680,54410,54930,2544714,54930
2023-03-15,035720.KS,카카오,55380,55670,54330,55150,2616968,55150
2023-03-16,035720.KS,카카오,55540,55620,54390,54450,2798123,54450
2023-03-17,035720.KS,카카오,54600,56270,53770,55790,3335856,55790
2023-03-20,035720.KS,카카오,56600,57280,54290,54860,3702417,54860
2023-03-21,035720.KS,카카오,55210,55730,54240,55530,3518686,55530
2023-03-22,035720.KS,카카오,55280,57790,54390,57350,2425981,57350
2023-03-23,035720.KS,카카오,57020,58170,56120,57560,2574696,57560
2023-03-24,035720.KS,카카오,58010,60670,57280,59670,3429038,59670
2023-03-27,035720.KS,카카오,61080,61620,58400,58490,3360345,58490
2023-03-28,035720.KS,카카오,58530,60380,57920,59900,3798218,59900
2023-03-29,035720.KS,카카오,60380,60480,59980,60250,3930014,60250
2023-03-30,035720.KS,카카오,60360,61200,59050,59530,2656300,59530
2023-03-31,035720.KS,카카오,59330,59690,56960,57940,2083148,57940
2023-04-03,035720.KS,카카오,58280,58350,54610,55240,3350483,55240
2023-04-04,035720.KS,카카오,55100,57680,54980,57440,3421759,57440
2023-04-05,035720.KS,카카오,57700,58610,55250,55900,4172620,55900
2023-04-06,035720.KS,카카오,56050,56350,54530,54970,3400589,54970
2023-04-07,035720.KS,카카오,55350,56260,54270,54350,2110844,54350
2023-04-10,035720.KS,카카오,53640,54660,52990,54170,2805953,54170
2023-04-11,035720.KS,카카오,53990,55950,53270,55160,2180837,55160
2023-04-12,035720.KS,카카오,54790,55000,52200,53130,3362285,53130
2023-04-13,035720.KS,카카오,53000,53260,52060,52990,1968826,52990
2023-04-14,035720.KS,카카오,52920,53390,52050,53100,2511655,53100
2023-04-17,035720.KS,카카오,52710,53920,51830,53590,1812372,53590
2023-04-18,035720.KS,카카오,53300,53930,52370,53720,1842351,53720
2023-04-19,035720.KS,카카오,53460,54210,52150,52820,3353642,52820
2023-04-20,035720.KS,카카오,52170,53390,51440,53050,2568820,53050
2023-04-21,035720.KS,카카오,52830,53520,51890,53100,2371289,53100
2023-04-24,035720.KS,카카오,53700,53870,50520,50750,3981007,50750
2023-04-25,035720.KS,카카오,50540,50690,48710,49430,2221809,49430
2023-04-26,035720.KS,카카오,49840,50350,49430,49670,2066325,49670
2023-04-27,035720.KS,카카오,49140,49870,47940,48210,2765818,48210
2023-04-28,035720.KS,카카오,47830,49050,47690,48800,2702560,48800
2023-05-01,035720.KS,카카오,48730,49740,48520,48890,1716838,48890
2023-05-02,035720.KS,카카오,49300,52140,49120,51500,3308514,51500
2023-05-03,035720.KS,카카오,51460,51880,50970,51630,2736609,51630
2023-05-04,035720.KS,카카오,51880,53330,51160,52500,2995833,52500
2023-05-05,035720.KS,카카오,52490,53270,51520,52150,2681081,52150
2023-05-08,035720.KS,카카오,52310,53180,50790,51130,2165607,51130
2023-05-09,035720.KS,카카오,51430,54210,50610,53510,3249697,53510
2023-05-10,035720.KS,카카오,53810,53940,52780,53600,2421359,53600
2023-05-11,035720.KS,카카오,53400,53990,53130,53550,2962517,53550
2023-05-12,035720.KS,카카오,53220,54910,52570,54100,2752282,54100
2023-05-15,035720.KS,카카오,54120,56290,54060,55980,3454480,55980
2023-05-16,035720.KS,카카오,56110,56630,55990,56320,2744672,56320
2023-05-17,035720.KS,카카오,55610,57690,55420,57370,2770928,57370
2023-05-18,035720.KS,카카오,57230,57750,55490,55870,2751538,55870
2023-05-19,035720.KS,카카오,56070,56450,55260,56090,2262762,56090
2023-05-22,035720.KS,카카오,56290,56530,55720,56060,2898146,56060
2023-05-23,035720.KS,카카오,55880,60140,55230,59880,3189439,59880
2023-05-24,035720.KS,카카오,60510,60990,58920,59140,3158259,59140
2023-05-25,035720.KS,카카오,59170,59400,57800,58540,2744905,58540
2023-05-26,035720.KS,카카오,58180,60740,57700,60010,2777949,60010
2023-05-29,035720.KS,카카오,60070,60630,59640,60100,3226147,60100
2023-05-30,035720.KS,카카오,60700,61320,57560,58450,2032064,58450
2023-05-31,035720.KS,카카오,58790,59730,58000,58690,2310971,58690
2023-06-01,035720.KS,카카오,58360,59800,58250,59520,2715072,59520
2023-06-02,035720.KS,카카오,60460,61190,59570,59660,2548933,59660
2023-06-05,035720.KS,카카오,58510,58800,57590,58740,2131403,58740
2023-06-06,035720.KS,카카오,58580,60820,58310,59900,1485881,59900
2023-06-07,035720.KS,카카오,59320,59480,58640,59110,2954608,59110
2023-06-08,035720.KS,카카오,58610,61130,58480,61020,2943847,61020
2023-06-09,035720.KS,카카오,62110,62560,60930,61830,2172153,61830
2023-06-12,035720.KS,카카오,60860,61000,59890,60370,3130598,60370
2023-06-13,035720.KS,카카오,59410,60820,59040,59980,2849723,59980
2023-06-14,035720.KS,카카오,59420,59560,58840,59040,2134927,59040
2023-06-15,035720.KS,카카오,58510,59330,57610,58390,2890099,58390
2023-06-16,035720.KS,카카오,58320,58560,55470,56370,3373681,56370
2023-06-19,035720.KS,카카오,56080,59170,55860,58420,2776867,58420
2023-06-20,035720.KS,카카오,58630,60100,57820,59980,3745762,59980
2023-06-21,035720.KS,카카오,59380,60150,57060,57310,2014819,57310
2023-06-22,035720.KS,카카오,58780,59440,56900,57660,2919951,57660
2023-06-23,035720.KS,카카오,57670,58550,56670,57150,2840530,57150
2023-06-26,035720.KS,카카오,57290,57960,54420,55240,3255031,55240
2023-06-27,035720.KS,카카오,55170,55790,53640,54250,2518386,54250
2023-06-28,035720.KS,카카오,54580,54830,53400,54200,2823804,54200
2023-06-29,035720.KS,카카오,54110,55450,53340,55320,3217743,55320
2023-06-30,035720.KS,카카오,54740,56210,54590,55330,3178243,55330
2023-07-03,035720.KS,카카오,54740,59610,54680,58600,3394827,58600
2023-07-04,035720.KS,카카오,57880,58020,56380,57400,3315210,57400
2023-07-05,035720.KS,카카오,57700,60090,57100,59940,4088427,59940
2023-07-06,035720.KS,카카오,59860,60570,57940,58520,3135778,58520
2023-07-07,035720.KS,카카오,58720,59580,58120,59000,2412575,59000
2023-07-10,035720.KS,카카오,58440,61250,58090,60330,2490343,60330
2023-07-11,035720.KS,카카오,60590,60790,59510,60010,2391508,60010
2023-07-12,035720.KS,카카오,60950,64800,59880,63890,2756535,63890
2023-07-13,035720.KS,카카오,63790,67860,63000,66830,3088847,66830
2023-07-14,035720.KS,카카오,67390,67520,64350,65510,2963100,65510
2023-07-17,035720.KS,카카오,65950,66450,61410,62180,3474690,62180
2023-07-18,035720.KS,카카오,62580,63080,61780,61990,3521172,61990
2023-07-19,035720.KS,카카오,62490,63330,59050,59130,3288147,59130
2023-07-20,035720.KS,카카오,59480,59780,58830,59690,3293496,59690
2023-07-21,035720.KS,카카오,59260,59960,58960,59160,3452104,59160
2023-07-24,035720.KS,카카오,59310,60520,58330,60350,2742856,60350
2023-07-25,035720.KS,카카오,60290,62000,60160,61430,1935888,61430
2023-07-26,035720.KS,카카오,61340,62390,60180,61110,1840732,61110
2023-07-27,035720.KS,카카오,60860,62380,59870,61500,2560030,61500
2023-07-28,035720.KS,카카오,61520,62100,58990,59280,3494581,59280
2023-07-31,035720.KS,카카오,59370,60450,59060,59610,1714951,59610
2023-08-01,035720.KS,카카오,60110,62880,60040,61880,3116433,61880
2023-08-02,035720.KS,카카오,62540,63140,61760,63020,2695875,63020
2023-08-03,035720.KS,카카오,62790,64300,62680,63930,3257056,63930
2023-08-04,035720.KS,카카오,64000,64730,62780,62990,2988790,62990
2023-08-07,035720.KS,카카오,62650,65050,62060,64950,3107687,64950
2023-08-08,035720.KS,카카오,64360,68420,63800,67760,3143243,67760
2023-08-09,035720.KS,카카오,67250,68100,66990,67720,2478243,67720
2023-08-10,035720.KS,카카오,67210,67730,63190,64250,3092896,64250
2023-08-11,035720.KS,카카오,64420,65560,63360,64270,2088570,64270
2023-08-14,035720.KS,카카오,64220,65960,63370,65550,3278128,65550
2023-08-15,035720.KS,카카오,65940,66970,61580,62380,4030920,62380
2023-08-16,035720.KS,카카오,62840,62970,61260,61800,2449555,61800
2023-08-17,035720.KS,카카오,61420,62220,58640,59440,4020352,59440
2023-08-18,035720.KS,카카오,59320,60730,58940,60240,3272866,60240
2023-08-21,035720.KS,카카오,60370,60490,57020,57410,2658798,57410
2023-08-22,035720.KS,카카오,57090,58000,55360,56190,2335033,56190
2023-08-23,035720.KS,카카오,57070,58250,56820,57540,2169640,57540
2023-08-24,035720.KS,카카오,58040,59060,57500,57830,1565162,57830
2023-08-25,035720.KS,카카오,57460,57810,55870,56520,3098521,56520
2023-08-28,035720.KS,카카오,56060,57380,55520,56990,2336220,56990
2023-08-29,035720.KS,카카오,56830,58600,56540,57870,3090599,57870
2023-08-30,035720.KS,카카오,57900,58270,57130,58090,2339084,58090
2023-08-31,035720.KS,카카오,58130,59470,57680,58610,2332702,58610
2023-09-01,035720.KS,카카오,58920,59710,57440,58200,1973648,58200
2023-09-04,035720.KS,카카오,57940,58960,55810,56650,2903108,56650
2023-09-05,035720.KS,카카오,56590,57190,54410,55270,2568123,55270
2023-09-06,035720.KS,카카오,55690,55970,55500,55880,2342893,55880
2023-09-07,035720.KS,카카오,56050,56440,55490,55630,1838698,55630
2023-09-08,035720.KS,카카오,55020,58780,54170,57970,2524251,57970
2023-09-11,035720.KS,카카오,58440,58990,57730,58350,2753131,58350
2023-09-12,035720.KS,카카오,58180,59370,58020,58720,2567199,58720
2023-09-13,035720.KS,카카오,58450,58750,57600,57960,2534598,57960
2023-09-14,035720.KS,카카오,58360,58920,56580,57090,2698578,57090
2023-09-15,035720.KS,카카오,57770,61360,57600,60550,2796597,60550
2023-09-18,035720.KS,카카오,60190,60400,59180,59410,1881004,59410
2023-09-19,035720.KS,카카오,58990,62500,58490,62020,3673706,62020
2023-09-20,035720.KS,카카오,62450,63470,61570,62450,1975803,62450
2023-09-21,035720.KS,카카오,63200,63370,61040,61770,2941069,61770
2023-09-22,035720.KS,카카오,62010,63120,61500,63060,3334744,63060
2023-09-25,035720.KS,카카오,62950,64460,61850,63930,2935701,63930
2023-09-26,035720.KS,카카오,64240,65320,63600,64090,1604703,64090
2023-09-27,035720.KS,카카오,64230,65360,63940,64170,2336219,64170
2023-09-28,035720.KS,카카오,64830,66740,64340,65680,3231695,65680
2023-09-29,035720.KS,카카오,65690,69900,64580,68800,2908996,68800
2023-10-02,035720.KS,카카오,69620,70240,68390,69240,2005008,69240
2023-10-03,035720.KS,카카오,70550,70800,66290,66390,3704314,66390
2023-10-04,035720.KS,카카오,67710,68220,65480,66340,2788809,66340
2023-10-05,035720.KS,카카오,66460,68450,66090,68080,3135950,68080
2023-10-06,035720.KS,카카오,68190,68740,66730,67510,2352531,67510
2023-10-09,035720.KS,카카오,68360,68640,65000,65920,2280652,65920
2023-10-10,035720.KS,카카오,66590,67020,65310,65890,1913991,65890
2023-10-11,035720.KS,카카오,67000,67090,61470,62530,3506091,62530
2023-10-12,035720.KS,카카오,62000,64430,61420,63390,1263550,63390
2023-10-13,035720.KS,카카오,63710,65830,63080,65680,3146114,65680
2023-10-16,035720.KS,카카오,66010,67410,65450,67250,3615873,67250
2023-10-17,035720.KS,카카오,67400,69140,67260,68670,2816259,68670
2023-10-18,035720.KS,카카오,69550,70170,66640,67510,2345520,67510
2023-10-19,035720.KS,카카오,67420,67820,66430,66760,2942671,66760
2023-10-20,035720.KS,카카오,66880,67010,65630,66670,2443461,66670
2023-10-23,035720.KS,카카오,67290,68000,66110,67490,2598460,67490
2023-10-24,035720.KS,카카오,67700,68290,67280,67730,2831720,67730
2023-10-25,035720.KS,카카오,67240,69240,66510,68850,2634737,68850
2023-10-26,035720.KS,카카오,69330,70060,66930,67770,2313824,67770
2023-10-27,035720.KS,카카오,67660,67860,64460,65090,3116685,65090
2023-10-30,035720.KS,카카오,65160,66250,64750,64820,2029827,64820
2023-10-31,035720.KS,카카오,65300,65700,61710,62710,3241467,62710
2023-11-01,035720.KS,카카오,61660,64280,61530,63520,2548306,63520
2023-11-02,035720.KS,카카오,63300,65390,63170,64820,3722613,64820
2023-11-03,035720.KS,카카오,65150,66360,64760,65630,2797667,65630
2023-11-06,035720.KS,카카오,66660,67420,63000,63970,2739927,63970
2023-11-07,035720.KS,카카오,64780,65810,63410,63990,2428104,63990
2023-11-08,035720.KS,카카오,63200,67710,62970,66670,2977011,66670
2023-11-09,035720.KS,카카오,66640,67730,66180,66610,2345763,66610
2023-11-10,035720.KS,카카오,66800,68500,65960,67500,3548513,67500
2023-11-13,035720.KS,카카오,68750,68840,66260,67130,3484165,67130
2023-11-14,035720.KS,카카오,67060,67150,63430,64400,2522262,64400
2023-11-15,035720.KS,카카오,63440,64270,60600,60940,4162238,60940
2023-11-16,035720.KS,카카오,60250,60670,59070,59230,3381497,59230
2023-11-17,035720.KS,카카오,59020,59400,56080,56610,2591682,56610
2023-11-20,035720.KS,카카오,56070,61150,55720,60240,2790714,60240
2023-11-21,035720.KS,카카오,61040,61820,60610,60980,3152965,60980
2023-11-22,035720.KS,카카오,61740,61890,61000,61360,1966815,61360
2023-11-23,035720.KS,카카오,61390,61940,60530,60630,2237122,60630
2023-11-24,035720.KS,카카오,60770,61140,59340,60340,1565637,60340
2023-11-27,035720.KS,카카오,59890,61710,59740,61470,3054523,61470
2023-11-28,035720.KS,카카오,61750,62800,61240,62250,2102830,62250
2023-11-29,035720.KS,카카오,61460,61670,60270,60660,3127163,60660
2023-11-30,035720.KS,카카오,60690,61720,60230,61570,1974233,61570
2023-12-01,035720.KS,카카오,61620,63510,60820,62470,2698731,62470
2023-12-04,035720.KS,카카오,62500,63630,61410,62970,2276401,62970
2023-12-05,035720.KS,카카오,63670,64040,61910,62980,2380077,62980
2023-12-06,035720.KS,카카오,62530,63350,59690,60410,3889846,60410
2023-12-07,035720.KS,카카오,61390,62190,60950,61260,2902143,61260
2023-12-08,035720.KS,카카오,61770,64760,61340,63700,3540746,63700
2023-12-11,035720.KS,카카오,64210,65000,63300,63670,2233299,63670
2023-12-12,035720.KS,카카오,63980,66690,62900,65810,2337318,65810
2023-12-13,035720.KS,카카오,66680,67590,65130,65680,1907403,65680
2023-12-14,035720.KS,카카오,65090,65530,63250,63430,2815604,63430
2023-12-15,035720.KS,카카오,63240,63740,62230,62800,1301578,62800
2023-12-18,035720.KS,카카오,62580,63780,62020,63120,2513247,63120
2023-12-19,035720.KS,카카오,62830,64550,62060,63600,2533808,63600
2023-12-20,035720.KS,카카오,63550,65330,63390,64730,3695536,64730
2023-12-21,035720.KS,카카오,64920,66080,63500,64440,2795787,64440
2023-12-22,035720.KS,카카오,64090,66760,63600,65720,2593330,65720
2023-12-25,035720.KS,카카오,66030,66530,63910,64150,3078531,64150
2023-12-26,035720.KS,카카오,63710,64480,60690,61730,2876761,61730
2023-12-27,035720.KS,카카오,62330,63550,61970,63430,2262826,63430
2023-12-28,035720.KS,카카오,64400,64880,62550,62780,2212732,62780
2023-12-29,035720.KS,카카오,63090,63870,62900,63670,2593469,63670
2024-01-01,035720.KS,카카오,63150,63860,62110,63130,2938214,63130
2024-01-02,035720.KS,카카오,63550,64020,61110,61690,3172686,61690
2024-01-03,035720.KS,카카오,61880,62850,61010,61210,1744994,61210
2024-01-04,035720.KS,카카오,62080,62500,58040,58310,4138322,58310
2024-01-05,035720.KS,카카오,58250,58640,56410,56950,3146568,56950
2024-01-08,035720.KS,카카오,57260,57750,54880,55350,2943888,55350
2024-01-09,035720.KS,카카오,56360,56590,53080,53340,2929947,53340
2024-01-10,035720.KS,카카오,53590,54000,51470,51800,3854892,51800
2024-01-11,035720.KS,카카오,51590,52070,50850,51020,2791200,51020
2024-01-12,035720.KS,카카오,51260,53040,50730,52360,4090589,52360
2024-01-15,035720.KS,카카오,52540,53140,50290,50720,3459749,50720
2024-01-16,035720.KS,카카오,50750,51570,50120,50900,2489458,50900
2024-01-17,035720.KS,카카오,50540,52790,49730,52290,2753296,52290
2024-01-18,035720.KS,카카오,52420,53170,52290,52870,2731729,52870
2024-01-19,035720.KS,카카오,52220,54980,51640,54160,2505366,54160
2024-01-22,035720.KS,카카오,54650,55110,53310,53870,2683522,53870
2024-01-23,035720.KS,카카오,53900,54710,51340,52250,2658882,52250
2024-01-24,035720.KS,카카오,52520,53360,49050,49130,3874024,49130
2024-01-25,035720.KS,카카오,49290,49970,47380,47460,3271665,47460
2024-01-26,035720.KS,카카오,47420,48780,47010,48330,2155700,48330
2024-01-29,035720.KS,카카오,48630,48790,46680,47490,2743371,47490
2024-01-30,035720.KS,카카오,47420,47610,47180,47260,3034517,47260
2024-01-31,035720.KS,카카오,47120,47760,47010,47620,3247083,47620
2024-02-01,035720.KS,카카오,47430,48230,46250,46970,3256531,46970
2024-02-02,035720.KS,카카오,47200,47550,46970,47370,2229114,47370
2024-02-05,035720.KS,카카오,47060,47430,46590,46850,3335314,46850
2024-02-06,035720.KS,카카오,47290,47520,46550,46730,2798372,46730
2024-02-07,035720.KS,카카오,46220,47170,45820,46420,1730013,46420
2024-02-08,035720.KS,카카오,46400,46600,45930,45990,2682750,45990
2024-02-09,035720.KS,카카오,45970,46170,44300,45070,2724386,45070
2024-02-12,035720.KS,카카오,45570,45630,44530,45150,2470370,45150
2024-02-13,035720.KS,카카오,45110,45700,44930,45250,1514188,45250
2024-02-14,035720.KS,카카오,44910,45130,44570,44970,3631689,44970
2024-02-15,035720.KS,카카오,45500,46240,44190,44460,2686888,44460
2024-02-16,035720.KS,카카오,44330,44900,43700,43870,2201287,43870
2024-02-19,035720.KS,카카오,44130,45460,43810,44740,3093947,44740
2024-02-20,035720.KS,카카오,44570,44640,42170,42820,2136510,42820
2024-02-21,035720.KS,카카오,42790,44120,42230,43620,2360510,43620
2024-02-22,035720.KS,카카오,44150,46410,43800,45650,3765853,45650
2024-02-23,035720.KS,카카오,45940,46730,45410,45880,2913044,45880
2024-02-26,035720.KS,카카오,46020,46320,45530,46030,3116931,46030
2024-02-27,035720.KS,카카오,45810,47170,45710,47000,3704160,47000
2024-02-28,035720.KS,카카오,47310,48140,44510,44830,3968566,44830
2024-02-29,035720.KS,카카오,44320,44730,43260,43590,3954287,43590
2024-03-01,035720.KS,카카오,43810,44450,43100,43550,2651181,43550
2024-03-04,035720.KS,카카오,43510,44990,42940,44900,3400977,44900
2024-03-05,035720.KS,카카오,44490,45410,43700,45230,1840714,45230
2024-03-06,035720.KS,카카오,44750,45100,43720,44090,2798013,44090
2024-03-07,035720.KS,카카오,43710,44310,43080,43870,2290546,43870
2024-03-08,035720.KS,카카오,44030,44930,43420,44750,3587650,44750
2024-03-11,035720.KS,카카오,44730,44950,44070,44520,2653516,44520
2024-03-12,035720.KS,카카오,44050,44310,43660,43730,3633397,43730
2024-03-13,035720.KS,카카오,43560,45580,42860,45280,2906745,45280
2024-03-14,035720.KS,카카오,45240,47200,45080,46850,3389965,46850
2024-03-15,035720.KS,카카오,46730,48910,46610,48150,2963970,48150
2024-03-18,035720.KS,카카오,47680,48920,47320,48600,1829998,48600
2024-03-19,035720.KS,카카오,48060,49220,47910,48920,1559985,48920
2024-03-20,035720.KS,카카오,48520,49610,48080,49130,2383384,49130
2024-03-21,035720.KS,카카오,49860,50350,48030,48290,3057227,48290
2024-03-22,035720.KS,카카오,48300,48940,46870,47690,3620426,47690
2024-03-25,035720.KS,카카오,47290,47950,47030,47650,1935718,47650
2024-03-26,035720.KS,카카오,47320,49140,46970,48940,3583641,48940
2024-03-27,035720.KS,카카오,48830,50330,48290,49480,2043598,49480
2024-03-28,035720.KS,카카오,49520,49870,47980,48420,3036282,48420
2024-03-29,035720.KS,카카오,48360,48870,46270,46990,3430140,46990
2024-04-01,035720.KS,카카오,47820,48640,47280,47390,2612256,47390
2024-04-02,035720.KS,카카오,47240,48560,46700,48060,1753988,48060
2024-04-03,035720.KS,카카오,48310,48480,47020,47510,2492515,47510
2024-04-04,035720.KS,카카오,46910,47730,44000,44490,4133132,44490
2024-04-05,035720.KS,카카오,44610,46170,44490,45690,3190716,45690
2024-04-08,035720.KS,카카오,45210,46160,44710,45850,2415248,45850
2024-04-09,035720.KS,카카오,45470,48530,45350,47840,3387656,47840
2024-04-10,035720.KS,카카오,47780,49670,47270,48960,3132908,48960
2024-04-11,035720.KS,카카오,48740,49140,48500,48690,3238354,48690
2024-04-12,035720.KS,카카오,48790,50240,48540,50030,3385090,50030
2024-04-15,035720.KS,카카오,50180,50590,47830,48670,3778178,48670
2024-04-16,035720.KS,카카오,48580,50130,47790,49510,2788221,49510
2024-04-17,035720.KS,카카오,49800,51060,49310,50730,1961340,50730
2024-04-18,035720.KS,카카오,51110,51710,49430,49840,3376723,49840
2024-04-19,035720.KS,카카오,49760,50190,49330,49990,2649439,49990
2024-04-22,035720.KS,카카오,49880,51310,49520,50980,2032862,50980
2024-04-23,035720.KS,카카오,50230,52400,49980,52230,2891188,52230
2024-04-24,035720.KS,카카오,51550,52270,50910,51000,2688062,51000
2024-04-25,035720.KS,카카오,51490,52340,51270,51370,3644189,51370
2024-04-26,035720.KS,카카오,52100,52740,51090,51200,1975111,51200
2024-04-29,035720.KS,카카오,50600,51430,49970,50930,2604949,50930
2024-04-30,035720.KS,카카오,51050,52150,50350,51960,2409973,51960
2024-05-01,035720.KS,카카오,52160,53050,49010,49470,2318097,49470
2024-05-02,035720.KS,카카오,49490,50480,49250,50070,3057672,50070
2024-05-03,035720.KS,카카오,49580,49810,48320,48560,3336641,48560
2024-05-06,035720.KS,카카오,48930,49010,48100,48620,2014296,48620
2024-05-07,035720.KS,카카오,48640,50850,48550,50750,2688982,50750
2024-05-08,035720.KS,카카오,50740,52370,50500,51560,2299833,51560
2024-05-09,035720.KS,카카오,51240,52720,50450,51970,2715737,51970
2024-05-10,035720.KS,카카오,52270,52780,50130,50330,2785180,50330
2024-05-13,035720.KS,카카오,50880,52150,50780,51620,3226450,51620
2024-05-14,035720.KS,카카오,51210,53220,51020,52630,2895964,52630
2024-05-15,035720.KS,카카오,52550,53970,51820,53370,3077077,53370
2024-05-16,035720.KS,카카오,53230,54090,52730,53820,3055145,53820
2024-05-17,035720.KS,카카오,53710,54050,52150,53050,2167246,53050
2024-05-20,035720.KS,카카오,53050,54510,52830,53970,2669404,53970
2024-05-21,035720.KS,카카오,54750,55060,51790,52650,2972486,52650
2024-05-22,035720.KS,카카오,52850,53300,51640,51710,3278688,51710
2024-05-23,035720.KS,카카오,51720,52490,50190,50960,2321749,50960
2024-05-24,035720.KS,카카오,51230,52280,51160,51540,3210984,51540
2024-05-27,035720.KS,카카오,50970,52290,50730,52010,2220655,52010
2024-05-28,035720.KS,카카오,51690,53930,51260,53440,2931718,53440
2024-05-29,035720.KS,카카오,53020,53170,50320,51150,3564549,51150
2024-05-30,035720.KS,카카오,51350,52780,50810,52210,3346884,52210
2024-05-31,035720.KS,카카오,51530,52430,51260,51770,2207551,51770
2024-06-03,035720.KS,카카오,52110,52550,51480,51900,2410433,51900
2024-06-04,035720.KS,카카오,51530,52920,51290,52630,2801038,52630
2024-06-05,035720.KS,카카오,53050,53180,51620,51770,3037489,51770
2024-06-06,035720.KS,카카오,52520,52990,51620,52310,1986105,52310
2024-06-07,035720.KS,카카오,52140,54340,51320,53860,3573855,53860
2024-06-10,035720.KS,카카오,54240,54790,53490,53620,2186989,53620
2024-06-11,035720.KS,카카오,52960,55600,52180,55130,3078018,55130
2024-06-12,035720.KS,카카오,55140,57140,54620,56460,2980850,56460
2024-06-13,035720.KS,카카오,55970,56870,54670,55370,2576306,55370
2024-06-14,035720.KS,카카오,55340,56880,54710,56620,2962497,56620
2024-06-17,035720.KS,카카오,57160,57430,56560,56700,1731644,56700
2024-06-18,035720.KS,카카오,56910,59240,56120,58830,3196089,58830
2024-06-19,035720.KS,카카오,58870,59220,57510,57640,3008844,57640
2024-06-20,035720.KS,카카오,57670,58550,57280,58060,2464689,58060
2024-06-21,035720.KS,카카오,57400,58370,56520,57740,2421377,57740
2024-06-24,035720.KS,카카오,57750,58050,56140,57130,2901639,57130
2024-06-25,035720.KS,카카오,57380,58080,56570,56950,2066073,56950
2024-06-26,035720.KS,카카오,56810,57300,55820,57040,3234340,57040
2024-06-27,035720.KS,카카오,57320,57660,56560,57420,2801160,57420
2024-06-28,035720.KS,카카오,58060,59540,57810,58840,2869255,58840
2024-07-01,035720.KS,카카오,59580,60450,58490,59270,2907559,59270
2024-07-02,035720.KS,카카오,59420,60120,58350,58830,3214327,58830
2024-07-03,035720.KS,카카오,59280,63640,58680,62940,2847658,62940
2024-07-04,035720.KS,카카오,62140,65730,61560,64690,2212241,64690
2024-07-05,035720.KS,카카오,64680,65800,61910,62430,2915793,62430
2024-07-08,035720.KS,카카오,61790,63880,61530,62860,2523240,62860
2024-07-09,035720.KS,카카오,62930,63080,61730,62350,2623579,62350
2024-07-10,035720.KS,카카오,61840,65180,61440,64170,2551636,64170
2024-07-11,035720.KS,카카오,64370,67070,63880,66010,3372016,66010
2024-07-12,035720.KS,카카오,66120,67290,65650,65850,2738150,65850
2024-07-15,035720.KS,카카오,65170,65690,64960,65170,2591241,65170
2024-07-16,035720.KS,카카오,64070,66580,63020,66480,3097314,66480
2024-07-17,035720.KS,카카오,65650,69450,65520,69200,3612709,69200
2024-07-18,035720.KS,카카오,68790,69960,66730,67750,3226529,67750
2024-07-19,035720.KS,카카오,67650,68680,66770,66920,3073183,66920
2024-07-22,035720.KS,카카오,66400,66680,64870,65650,3470899,65650
2024-07-23,035720.KS,카카오,65690,66040,64340,64980,3010591,64980
2024-07-24,035720.KS,카카오,64190,67560,63490,67090,2578353,67090
2024-07-25,035720.KS,카카오,67430,67630,66110,67190,2722039,67190
2024-07-26,035720.KS,카카오,66400,67600,65440,66800,2414823,66800
2024-07-29,035720.KS,카카오,66740,67870,66170,66850,2765364,66850
2024-07-30,035720.KS,카카오,66680,67930,65590,67630,3295838,67630
2024-07-31,035720.KS,카카오,67870,69030,67100,68210,2146996,68210
2024-08-01,035720.KS,카카오,68300,68570,66430,66960,2531668,66960
2024-08-02,035720.KS,카카오,67180,68010,64240,64800,2614590,64800
2024-08-05,035720.KS,카카오,65330,66000,63460,64560,2212200,64560
2024-08-06,035720.KS,카카오,63600,64380,62600,63250,2995643,63250
2024-08-07,035720.KS,카카오,63600,64650,61880,62600,2135567,62600
2024-08-08,035720.KS,카카오,62990,63980,62560,63160,3879742,63160
2024-08-09,035720.KS,카카오,63780,64710,63440,64060,2489830,64060
2024-08-12,035720.KS,카카오,65110,65990,61630,62690,2427386,62690
2024-08-13,035720.KS,카카오,62530,64030,62450,63160,1947265,63160
2024-08-14,035720.KS,카카오,62730,65350,61990,64440,3255996,64440
2024-08-15,035720.KS,카카오,64540,65330,64430,64720,2382187,64720
2024-08-16,035720.KS,카카오,65170,65870,62530,63450,2811202,63450
2024-08-19,035720.KS,카카오,64240,64760,63640,64240,1748705,64240
2024-08-20,035720.KS,카카오,64430,65300,62180,62320,3674571,62320
2024-08-21,035720.KS,카카오,62990,64110,59930,60500,3640105,60500
2024-08-22,035720.KS,카카오,60460,60900,60090,60490,1824980,60490
2024-08-23,035720.KS,카카오,59660,60780,58910,60240,2399949,60240
