title,link,description,bloggername
"광양 매화축제 실시간 개화 상황 | 3월 봄꽃 여행지 추천, 주차... ",https://blog.naver.com/ladyndeok/224218894719,3월 봄꽃 여행지로 방문하기에도 좋은 시기라 봄 여행을 계획 중이라면 한 번 방문해보셔도 좋을 것... 데이트 여행지로도 너무 좋은곳이라 3월 봄꽃 여행지를 찾고 있다면 지금 시기의 광양 매화축제 방문을... ,계획형 여행 기록
강진 남미륵사 4월 봄꽃 여행지 철쭉 겹벚꽃 서부해당화 축제,https://blog.naver.com/5004yurim/224220733570,"4월 봄꽃 여행 완벽 정보! 200만 그루 서부해당화, 철쭉, 겹벚꽃이 한꺼번에 피어나는 꽃 천국. 2026년... 행사 봄꽃 프린지 공연 봄 소풍 음악회 메이드인 강진 예술제 부대 행사 봄꽃 관광사진 공모전 강진愛... ",유림여사 제4의 활동
"4월 봄꽃 여행지 추천, 벚꽃 명소 경기도 곤지암 화담숲 예약... ",https://blog.naver.com/cafeinfofam/224239045159,아기자기한 봄꽃들이 곳곳마다 흐드러지게 피었으니 어디론가 떠나고 싶어지는 계절입니다. 저 역시... #4월여행지추천 #봄꽃여행지 #벚꽃명소 #경기도벚꽃명소 #화담숲 #곤지암화담숲 #수선화축제 #화담숲벚꽃... ,맘 따스한 사람들과 마시는 한잔의 커피처럼
부산 충렬사 목련 봄꽃 여행지 3월 가볼만한곳,https://blog.naver.com/555__555/224224583207,부산 봄꽃 여행지 충렬사 ⓒ신짱 안녕하세요. 여행플래너 신짱입니다. 부산에서 봄기운 가득 느끼며... 3월 봄 여행지 충렬사입니다. 봄꽃은 물론 역사여행까지 할 수 있어 가족 나들이로도 좋으니... ,신짱의 트래블홀릭
뚜벅이도 갈 수 있는 3월 4월 국내 봄꽃 여행지 모음,https://blog.naver.com/welchon4u/224213875551,"뚜벅이 여행지 차 없어도 괜찮아! 봄꽃 여행지 6곳 자가용 없이도 떠날 수 있는 전국 농촌체험휴양마을을 모아 봤어요 복사꽃, 유채꽃, 벚꽃 군락지 뿐만 아니라 소소하게 담장 너머 피어 있는 봄꽃들까지... ","농촌여행의 시작, 웰촌"
매년 많은 인파가 찾는 국내 봄꽃 여행지 2곳! 올해도 갈꺼야?,https://blog.naver.com/love2xxxx/224191274893,주차만 2시간 그럼에도 매년 많은 인파가 찾는 봄꽃 여행지 2곳! 올해도 갈꺼야? 안녕하세요. 여행... 봄꽃 시즌이 되면 국내 유명 여행지들의 경우 많은 차량으로 인해 이동이 힘들어지곤 합니다. 특히나 봄을... ,하준Daddy의 여행 이야기
2026 봄꽃 개화시기 총정리 2월가볼만한곳 여행지 안내,https://blog.naver.com/snslive/224169323264,"그래서 여수 향일암과 금오산으 전남 여행지로 묶어 하루 코스로 짜기 좋아요. 전라도 봄꽃구경 3월 ‘매화 개화’ 미리보기 광양 매화마을 전경 2월이 “봄 예고편”이라면, 3월은 매화가 본편이에요.... ",SNSLIVE의 전국여행과 맛집찾기
수도권에서 가까운 충남 4월 봄꽃 벚꽃 구경 여행지 4곳,https://blog.naver.com/k-traveler-/224245825101,"4월 봄꽃 벚꽃 여행지를 살펴보았다. 매년 찾아오는 봄이지만, 이번엔 왠지 빠르게 훑고 지나가는 느낌에 괜시리 아쉽다. 이번 주말, 사랑하는 사람과 함께 가볍게 챙겨 들고 설레는 마음으로 충남으로 꽃 구경... ",동네방네 여행쟁이
"구례 산수유·광양 매화까지, 2026 봄꽃 여행지 인기 명소 정리",https://blog.naver.com/70myhthil4/224209960913,2026 봄꽃 여행지 인기 명소 정리 봄이 다가오면 가장 먼저 떠오르는 여행 주제는 역시 꽃 나들이입니다.... 대표 봄 여행지로 주목받고 있습니다. 오늘은 많은 관심을 받고 있는 봄꽃 여행 명소들을 하나씩... ,TOP 탐정사무소
김제 꽃빛드리축제 기본정보 가수 봄꽃축제 전북여행지 추천... ,https://blog.naver.com/kiej38/224238709420,김제여행지는 사찰로 향하는 길 봄꽃 구경 가능한 금산사가 아름다운데 제가 추천하는 곳이에요.... 특징은 꽃 구경은 덤이고 체험을 위주로 하는 축제라는 것을 알 수 있어요. DMO와 함께하여 체험부스가 끝도... ,여행의 절대고수
