title,artist
"기쁨, 슬픔, 아름다운 마음",AKMU (악뮤)
소문의 낙원,AKMU (악뮤)
SWIM,방탄소년단
RUDE!,Hearts2Hearts (하츠투하츠)
BANG BANG,IVE (아이브)
404 (New Era),KiiiKiii (키키)
Body to Body,방탄소년단
사랑하게 될 거야,한로로
Drowning,WOODZ
Good Goodbye,화사 (HWASA)
0+0,한로로
2.0,방탄소년단
타임캡슐,다비치
Born Savage,PLAVE
멸종위기사랑,이찬혁
Hooligan,방탄소년단
그대 작은 나의 세상이 되어,카더가든
흥흥흥 (feat. SOLE),PLAVE
너에게 닿기를,10CM
그런 것 같아,PLAVE
꽃송이들의 퍼레이드,PLAVE
"어떻게 이별까지 사랑하겠어, 널 사랑하는 거지",AKMU (악뮤)
Lunar Hearts,PLAVE
"TICK TOCK (Feat. ZICO) (Prod. by ZICO, Crush)",김하온 (HAON)
Popcorn,도경수(D.O.)
FYA,방탄소년단
Blue Valentine,NMIXX
봄날,방탄소년단
어제보다 슬픈 오늘,우디 (Woody)
Aliens,방탄소년단
Golden,HUNTR/X
BLACKHOLE,IVE (아이브)
너의 모든 순간,성시경
Like Animals,방탄소년단
뛰어(JUMP),BLACKPINK
캐치 캐치,YENA (최예나)
Merry Go Round,방탄소년단
모르시나요(PROD.로코베리),조째즈
하루에 하루만 더 (Stick With You),투모로우바이투게더
toxic till the end,로제 (ROSÉ)
HAPPY,DAY6 (데이식스)
내게 사랑이 뭐냐고 물어본다면,로이킴
they don’t know ’bout us,방탄소년단
One More Night,방탄소년단
Please,방탄소년단
천상연,이창섭
Seven (feat. Latto) - Clean Ver.,정국
한 페이지가 될 수 있게,DAY6 (데이식스)
사랑은 봄비처럼...이별은 겨울비처럼...,임현정
Into the Sun,방탄소년단
Love Love Love (Feat. Yoong Jin Of Casker),에픽하이 (EPIK HIGH)
사랑인가 봐,멜로망스
like JENNIE,제니 (JENNIE)
"HOME SWEET HOME (feat. 태양, 대성)",G-DRAGON
SPAGHETTI (feat. j-hope of BTS),LE SSERAFIM (르세라핌)
사랑은 늘 도망가,임영웅
Whiplash,aespa
Welcome to the Show,DAY6 (데이식스)
청춘만화,이무진
눈을 감아도(2026),순순희(지환)
소나기,이클립스 (ECLIPSE)
"모든 날, 모든 순간 (Every day, Every Moment)",폴킴
그대만 있다면 (여름날 우리 X 너드커넥션 (Nerd Connection)),너드커넥션 (Nerd Connection)
봄 색깔,AKMU (악뮤)
주저하는 연인들을 위해,잔나비
달리 표현할 수 없어요,로이킴
햇빛 bless you,AKMU (악뮤)
나는 반딧불,황가람
Flower,오반(OVAN)
KISS KISS KISS (Feat. 선우 (THE BOYZ)) (Prod. by Hukky Shibaseki),NOWIMYOUNG (나우아임영)
청혼하지 않을 이유를 못 찾았어,이무진
Dynamite,방탄소년단
시작의 아이 ❍,박다혜
ONE MORE TIME,ALLDAY PROJECT
FAMOUS,ALLDAY PROJECT
예뻤어,DAY6 (데이식스)
STYLE,Hearts2Hearts (하츠투하츠)
벌레를 내고,AKMU (악뮤)
FOCUS,Hearts2Hearts (하츠투하츠)
첫 만남은 계획대로 되지 않아,TWS (투어스)
Flashback,엔플라잉 (N.Flying)
REBEL HEART,IVE (아이브)
APT.,로제 (ROSÉ)
오늘만 I LOVE YOU,BOYNEXTDOOR
OVERDRIVE,TWS (투어스)
Love wins all,아이유
다정히 내 이름을 부르면,경서예지
NOT CUTE ANYMORE,아일릿(ILLIT)
헤어지자 말해요,박재정
Die With A Smile,Lady Gaga
순간을 영원처럼,임영웅
우리들의 블루스,임영웅
Magnetic,아일릿(ILLIT)
시작의 아이,마크툽 (MAKTUB)
Never Ending Story,아이유
눈사람,정승환
에피소드,이무진
Soda Pop,KPop Demon Hunters Cast
인사,범진
그래 늦지 않았어 (2025),아샤트리
